,page_id,page_name,post_id,created_timestamp,post_url,source_relation,platform,post_message,clicks,comments,impressions,likes,shares
0,11841037,Kertys,6914168533450924032,2022-03-28 11:17:17.533000+00:00,https://www.linkedin.com/embed/feed/update/urn:li:share:6914168533450924032,,linkedin,"#Piql une plateforme unique de sauvegarde, dâ€™archivage et de restauration de donnÃ©es en mode offline.
GrÃ¢ce Ã  sa technologie PiqlFilm alliant un matÃ©riau ultrarÃ©sistant et un stockage ultra-optimisÃ© via Qr-code, Le mode Off-line vous permet une protection efficace contre les intrusions, les cyberattaques, les ransomwares et toutes les autres catastrophes naturelles.

Votre systÃ¨me informatique est entiÃ¨rement sauvegardÃ© en mode Offline et restaurÃ© Ã  tout moment en mode Online :Â Environnement, systÃ¨me, logiciel, code source, document, image, video etc.

#Piql #cyberattaque #morocconow #moroccotech #ransomware #cybersÃ©curitÃ©",4,0,148,1,4
1,11841037,Kertys,6930083138308046848,2022-05-11 09:16:14.987000+00:00,https://www.linkedin.com/embed/feed/update/urn:li:share:6930083138308046848,,linkedin,,4,0,256,3,0
2,11841037,Kertys,6899666204143833088,2022-02-16 10:50:12.840000+00:00,https://www.linkedin.com/embed/feed/update/urn:li:share:6899666204143833088,,linkedin,"#Quoteday

When customers interact with you, they expect a seamless experience. In this age of technology, the best way to deliver on that expectation is to focus your efforts on leveraging automating and digitizing your process effectively as a strategical tools for future growth.

â˜ All of our team members are professional and ready to show you their digital transformation skills and solutions. You can get in touch with us right now to get started!â£â£

Letâ€™s talk: sales@kertys.com",1,0,107,1,3
3,11841037,Kertys,6901807868253986816,2022-02-22 08:40:25.348000+00:00,https://www.linkedin.com/embed/feed/update/urn:li:ugcPost:6901807868253986816,,linkedin,"Qu'est-ce que le RPA (Robotic Process Automation) ?
Les tÃ¢ches les plus coÃ»teuses et les plus complexes en entreprise sont les processus rÃ©pÃ©titifs, prÃ©visibles ou les deux. Ces tÃ¢ches peuvent Ãªtre effectuÃ©es avec une plus grande prÃ©cision, Ã  moindre coÃ»t et avec moins de risques lorsqu'elles sont automatisÃ©es.â£
RPA (Robotic Process Automation) est une catÃ©gorie d'outils logiciels qui permet d'automatiser ces types de tÃ¢ches. 

 La RPA peut rÃ©duire les effectifs et les dÃ©penses d'exploitation tout en amÃ©liorant l'expÃ©rience client.
Demandez votre dÃ©monstration de RPA automation anywhere ici : 
https://bit.ly/3a7ndu4
#rpasolutions #rpamaroc #rpaafrica #roboticprocessautomation #digitalnow #morocconow",1,0,120,0,2
4,11841037,Kertys,6898909521188900864,2022-02-14 08:43:25.503000+00:00,https://www.linkedin.com/embed/feed/update/urn:li:share:6898909521188900864,,linkedin,"Notre partenaire Piql AS signe un nouvel accord pour stocker les donnÃ©es de plus d'un million de semences dans la chambre forte mondiale de Svalbard.

Avec la solution Piql, l'archivage Ã Â long termeÂ de l'information numÃ©rique vise essentiellement Ã  prÃ©server l'essence du patrimoine d'entreprise et protÃ©ger l'hÃ©ritage intellectuelle de l'information de la nation.

#Piqlafrique #patrimoineculturel #patrimoineentreprise #morocconow #moroccotech #digitalnow 
https://lnkd.in/dFCuTfTZ",5,1,205,4,1
5,11841037,Kertys,6928346523256643584,2022-05-06 14:15:33.740000+00:00,https://www.linkedin.com/embed/feed/update/urn:li:share:6928346523256643584,,linkedin,,8,0,189,0,0
6,11841037,Kertys,6924360649200283648,2022-04-25 14:17:07.349000+00:00,https://www.linkedin.com/embed/feed/update/urn:li:share:6924360649200283648,,linkedin,"Depuis plus de douze ans, Kertys accompagne des PME et grands Groupes au Maroc et en Afrique pour amÃ©liorer leur performance et productivitÃ© au travers de l'implÃ©mentation de solutions digitales innovantes.

Venez rencontrer lâ€™Ã©quipeÂ Kertys MAROCÂ sur leur stand 5 & 6 les 18 et 19 Mai Ã  lâ€™HÃ´tel Grand Mogador Casablanca.

TÃ©lÃ©chargez votre badge sur :
https://lnkd.in/dSVbNniBÂ 

Plus d'informations sur :Â www.emecexpo.ma

#MFILES #LUCANET #TALENTSOFT #EFLOW #IGNIMISSION #PIQL #STREAMSETS #HUBSHARE #automationanywhere #salonÂ #Ã©vÃ©nementielÂ #eventÂ #businessÂ #trendsÂ #innovationÂ #marocÂ #moroccoÂ #casablancaÂ #emecexpoÂ #emecexpo2022Â #transformationÂ #transformationdigitaleÂ #digitaltransformationÂ #emarketingÂ #ecommerceÂ #cloudÂ #socialmediaÂ #rÃ©seauxsociauxÂ #affichagenumÃ©riqueÂ #mobileÂ #expoÂ #exposition",7,0,156,4,4
7,11841037,Kertys,6926704938882338816,2022-05-02 01:32:29.536000+00:00,https://www.linkedin.com/embed/feed/update/urn:li:ugcPost:6926704938882338816,,linkedin,"Toute la famille KERTYS MAROC vous souhaite Eid Al Fitr Moubarak Said, tous nos voeux de bonheur, de santÃ© et de prospÃ©ritÃ©.
Ø¹ÙŠØ¯ÙƒÙ… Ù…Ø¨Ø§Ø±Ùƒ Ø³Ø¹ÙŠØ¯",4,0,167,4,0
8,11841037,Kertys,6922135792467222528,2022-04-19 10:56:20.235000+00:00,https://www.linkedin.com/embed/feed/update/urn:li:share:6922135792467222528,,linkedin,"#Piql est une plateforme unique pour la sauvegarde, l'archivage et la restauration des donnÃ©es en mode hors ligne.
â–¶ GrÃ¢ce Ã  sa technologie PiqlFilm alliant un matÃ©riau ultra rÃ©sistant et un stockage ultra optimisÃ© via Qr-code, le mode hors ligne vous permet une protection efficace contre les intrusions, les #cyber-attaques, les ranÃ§ons et toutes autres catastrophes naturelles.
Votre systÃ¨me informatique est entiÃ¨rement sauvegardÃ© en mode hors ligne et restaurÃ© Ã  tout moment en mode Online : environnement, systÃ¨me, logiciel, code source, document, image, vidÃ©o etc.
Demandez votre dÃ©mo ici : www.kertys.com/demo
En savoir plus : https://lnkd.in/dfjruUuC
#Piql #cyberattack #morocconow #moroccotech #ransomware #cybersecurity",2,0,162,4,6
9,11841037,Kertys,6944592419690582016,2022-06-20 10:10:57.305000+00:00,https://www.linkedin.com/embed/feed/update/urn:li:share:6944592419690582016,,linkedin,"J-8 ğŸš€pour notre webinaire LucaNet France / Kertys,
ThÃ¨me : Le pilotage de la performance financiÃ¨re avec Lucanet
Vous dÃ©couvrirezÂ comment 
#LucaNet automatise les processus financiers d'une entreprise et des Ã©tapes internes nÃ©cessaires Ã  la rÃ©alisation des opÃ©rations financiÃ¨res.
â€
Inscription : https://lnkd.in/dzra6uSg ğŸ‘ˆ
#LucanetAfriqueÂ #LucanetMarocÂ #pilotagefinancierÂ #DAFÂ #CFO
Â #FPMÂ #reportingÂ #planification #financeÂ #IFRSÂ #consolidation",3,0,211,2,3
10,11841037,Kertys,6901837020327739392,2022-02-22 10:36:15.758000+00:00,https://www.linkedin.com/embed/feed/update/urn:li:share:6901837020327739392,,linkedin,"M-Files Online February '22 Update is starting to roll out this week. Many great small improvements this month:
ğŸ¨ Support for custom object type icons in new M-Files Web
ğŸ”„ Automatically refresh view when object has changed on server: content of an open view in M-Files Desktop is now automatically refreshed as a background operation at specified refresh intervals.
âš¡ï¸ Better metadata card configuration performance in M-Files Classic Web
ğŸ“„ Performance with templates improved in document creation in M-Files Desktop
ğŸ“¤ Possibility to change the default exportation settings: the export dialog in M-Files Desktop now remembers the options used last time.
ğŸ”• Possibility to disable notifications per user for assignments: assignment notifications and workflow state notifications are not sent anymore if a user has configured notifications off in M-Files Desktop.
ğŸ” Search within this view as a new view option: you can now configure a view to default to ""Search within this view"" under the view's Advanced tab.
ğŸ”­ Multiple improvements for M-Files Discovery

Plus other improvements and fixes, full release notes: https://lnkd.in/gdpuPZnJ

The M-Files 2018 product has moved to maintenance mode. No new features will be introduced by default to M-Files 2018.

#MFiles #InformationManagement #ReleaseNotes",1,0,105,3,1
11,11841037,Kertys,6916097818063433728,2022-04-02 19:03:34.877000+00:00,https://www.linkedin.com/embed/feed/update/urn:li:share:6916097818063433728,,linkedin,"Kertys vous souhaite un trÃ¨s bon #Ramadan et vous transmets ses meilleurs voeux. Que ce mois soit une occasion pour rafraichir vos esprits et en profiter pour dÃ©couvrir plus d'#actualitÃ©s autour du #transformationdigitale et de la #technologie.
#ramdan2022 #ramadanmubarak",7,0,147,3,1
12,11841037,Kertys,6944584612681539585,2022-06-20 09:39:56.055000+00:00,https://www.linkedin.com/embed/feed/update/urn:li:share:6944584612681539585,,linkedin,"M-Files Online June '22 Update is now rolling out to customers via automatic updates and will be available for manual download later this week. Highlights this month:
ğŸ¬ The new M-Files Web can now preview video and audio files. Supported video formats: MP4, WEBM, and OGV. Supported audio formats: MP3, OGG, WAV.
ğŸ“§ Vault admins can now configure external mail sources in multi-tenant cloud environments
ğŸ”‘ Support for Azure Key Vault in on-premises Multi-Server Mode environments
ğŸ’¡ Smart Metadata and Smart Migration improvements
ğŸ§© M-Files Plugin for Hubshare allows you to, for instance, create hubs and hub users from M-Files. The plugin is separately available on the M-Files Catalog:Â https://lnkd.in/erSCgjQw

Plus other improvements and 30+ fixes, full release notes:Â https://lnkd.in/dwDEypz

There will not be an M-Files update in July, so the next version will be released in August. Have a nice summer!

#MFilesÂ #InformationManagementÂ #ReleaseNotes",7,0,200,4,1
13,11841037,Kertys,6958464452111261696,2022-07-28 16:53:27.538000+00:00,https://www.linkedin.com/embed/feed/update/urn:li:share:6958464452111261696,,linkedin,"Combler les Ã©carts dans la gestion de vos donnÃ©es et des documents avec GED M-Files et #Sharepoint
DÃ©couvrez Comment M-Files et SharePoint peuvent-ils rendre votre entreprise plus efficace ?
#GED #dÃ©matÃ©rialisation #processus #digitalnow #digitalafrica
https://lnkd.in/eXemYxVR",4,0,109,3,2
14,11841037,Kertys,6927706791057199104,2022-05-04 19:53:29.660000+00:00,https://www.linkedin.com/embed/feed/update/urn:li:share:6927706791057199104,,linkedin,,3,0,110,0,0
15,11841037,Kertys,6937318334375866368,2022-05-31 08:26:20.180000+00:00,https://www.linkedin.com/embed/feed/update/urn:li:share:6937318334375866368,,linkedin,"M-FilesÂ is investing significantly in developing the digitalÂ #UserExperience. In this blog post, our Head of DesignÂ Antti KujalaÂ gives a glimpse of the 7 design principles at the heart of the M-Files design language:Â https://lnkd.in/e_w2z88m

To put these principles in practice, we are currently working on a significant UI update of M-Files Desktop client, coming out later this year. Stay tuned for more news on this redesign!

#mfilesforafrica #mfilesmaroc #gedmaroc #dÃ©materialisation #processus",3,0,108,0,0
16,69569872,GED M-Files for Africa,6961244122347180033,2022-08-05 08:58:52.534000+00:00,https://www.linkedin.com/embed/feed/update/urn:li:share:6961244122347180033,,linkedin,,0,0,11,0,0
17,11841037,Kertys,6950049023332376579,2022-07-05 11:33:33.019000+00:00,https://www.linkedin.com/embed/feed/update/urn:li:share:6950049023332376579,,linkedin,"REPLAY ğŸ“† Webinaire Le pilotage de la performance financiÃ¨re avec LucaNet et Kertys 28 juin 2022

Dans un contexte de #digitalisation accrue des mÃ©tiers verticaux en Finance, audit, comptabilitÃ© et consolidation, adopter une stratÃ©gie de transformation digitale mÃ©tier est primordial pour rÃ©pondre aux enjeux des clients, de la performance sociÃ©tÃ© et aux obligations lÃ©gales.

Nous espÃ©rons que vous avez apprÃ©ciÃ© la solution LucaNet France All in one de pilotage de la performance financiÃ¨reÂ LucanetÂ pourÂ le reporting,Â lâ€™analyse,Â la planificationÂ etÂ la consolidation financiÃ¨re.Â 

Au cas oÃ¹ vous souhaiteriez revoir le wÃ©binaire ou, au cas oÃ¹ vous vous Ã©tiez inscrits et que vous nâ€™aviez pas eu le temps dâ€™y participer, vous pouvez accÃ©der Ã  https://lnkd.in/dzra6uSg

Pour une dÃ©mo personnalisÃ©e : https://lnkd.in/dfSPs8j2

#digitalnow #morocconow #DAF #finance #performancefinanciÃ¨re #Directeurfinancier #consolideur #marocdigital #afriquedigital",3,0,214,3,2
18,11841037,Kertys,6946547246918217728,2022-06-25 19:38:44.413000+00:00,https://www.linkedin.com/embed/feed/update/urn:li:ugcPost:6946547246918217728,,linkedin,Check out this upcoming event Iâ€™ll be attending,0,0,39,0,0
19,11841037,Kertys,6902175739429675010,2022-02-23 09:02:12.656000+00:00,https://www.linkedin.com/embed/feed/update/urn:li:ugcPost:6902175739429675010,,linkedin,"Maysan Mando est une joint-venture turco-corÃ©enne qui fabrique des amortisseurs pour l'industrie automobile.Â 
DÃ©couvrez comment l'entreprise a considÃ©rablement augmentÃ© la vitesse et l'efficacitÃ© de ses #processus d'approbation, ainsi que la faÃ§on dont elle effectue les audits de lean 5S, en utilisant E-Flow BPM.

Demandez votre dÃ©mo gratuit E-Flow #BPM ici : www.kertys.com/demo ğŸ‘ˆ

#BPMMaroc #businessautomation #digitalaccessibility #digitalworkplace #digitalmorocco #digitalafrica #morocconow",9,0,279,8,7
20,11841037,Kertys,6946547196733366273,2022-06-25 19:38:32.421000+00:00,https://www.linkedin.com/embed/feed/update/urn:li:ugcPost:6946547196733366273,,linkedin,Check out this upcoming event Iâ€™ll be attending,0,0,10,0,0
21,11841037,Kertys,6916693862904135680,2022-04-04 10:32:03.017000+00:00,https://www.linkedin.com/embed/feed/update/urn:li:share:6916693862904135680,,linkedin,"#Piql is a unique platform for backup, archiving and restoration of data in offline mode.
Thanks to its PiqlFilm technology combining an ultra-resistant material and an ultra-optimized storage via Qr-code, the Off-line mode allows you an efficient protection against intrusions, cyber-attacks, ransomwares and all other natural disasters.

Your computer system is fully backed up in Offline mode and restored at any time in Online mode: Environment, system, software, source code, document, image, video etc.

Read more : https://lnkd.in/dfjruUuC

*dont forget to change FR to EN

#Piql #cyberattack #morocconow #moroccotech #ransomware #cybersecurity",7,0,211,3,10
22,69569872,GED M-Files for Africa,6954741031007350785,2022-07-18 10:17:54.774000+00:00,https://www.linkedin.com/embed/feed/update/urn:li:ugcPost:6954741031007350785,,linkedin,"KERTYS Maroc et son partenaire Concept Cameroun vous donnent rendez-vous le 15 Septembre Ã  10h GMT+1 , pour un Forum virtuel commun dÃ©diÃ© Ã  la Gestion Ã©lectronique des documents en Afrique et la dÃ©matÃ©rialisation des processus mÃ©tiers au sein des entreprises Africaines.

Au programme :

- ğŸ“Œ DÃ©couvrez la ğŸğ¨ğ«ğœğ ğğ® ğ©ğšğ«ğ­ğğ§ğšğ«ğ¢ğšğ­ entre Kertys et Concept Cameroun, et comment les deux sociÃ©tÃ©s travaillent ensemble pour simplifier et accompagner les sociÃ¨tes Africaines dans leurs transformation digitale.

- ğŸ’» Assistez Ã  une PrÃ©sentation et une ğğÌğ¦ğ¨ de M-Files , outil complet qui permet Ã  la fois la gestion et dÃ©matÃ©rialisation de vos processus mÃ©tiers et la gestion Ã©lectronique de vos documents.


- ğŸ§ : TÃ©moignage Cas client d'#Ecobank, #BÃ©neficial life et #Orange

- ğŸ‘‰ : une Offre de dÃ©marrage : Licences + Services + Applications (Bureau d'ordre + factures fournisseurs + ..) avec offre numÃ©risation


- âœ… ğğ¨ğ¬ğğ³ ğ­ğ¨ğ®ğ­ğğ¬ ğ¯ğ¨ğ¬ ğªğ®ğğ¬ğ­ğ¢ğ¨ğ§ğ¬ en direct Ã  Ali Lahrichi, CEO de Kertys, et Cyrille Tchomte, DG de Concept Cameroun

Inscrivez-vous gratuitement Ã  ce webinaire !",1,0,11,0,0
23,78306774,Rotary club Casablanca city,6918687766889267200,2022-04-09 22:35:06.823000+00:00,https://www.linkedin.com/embed/feed/update/urn:li:share:6918687766889267200,,linkedin,"Dans le cadre des actions sociales du #RotaryClub Casablanca City, nous vous invitons Ã  la piÃ¨ce de thÃ©Ã¢tre â€œ#Hammam #La3yalateâ€ leÂ #21 Avril ğŸ“… .

En plus de passer un bon moment de plaisir et de dÃ©tente, vous participerez au financement dâ€™une des actions phares de notre club, Ã  savoir le projet #Incubateur.

â¡ Ce projet vise Ã  favoriser :
âœ… Lâ€™Inclusion Ã©conomique des porteurs de projets et entrepreneurs de quartiers dÃ©favorisÃ©s
âœ… Lâ€™insertion de ces derniers dans le tissu Ã©conomique Marocain;
La pÃ©rennisation des projets
âœ… Et la garantie dâ€™une autonomie financiÃ¨re.

â¡ Lâ€™appui du Rotary Club Casablanca City concerne deux volets :
âœ…Lâ€™appui financier : Fonds dâ€™amorÃ§age, Equipements et espaces de travail collectifs
âœ… Lâ€™appui non financier : Accompagnement et conseil, Mise en relation/RÃ©seautage, Ã©vÃ©nements entrepreneuriaux.

ğŸ“Œ Aidez-nous Ã  rÃ©ussir ce projet enÂ rÃ©servant dÃ¨s maintenance votre ticketÂ !
Prix du ticket : 300 MAD
ğŸ‘‰ Reservation ici : https://lnkd.in/duVYRds8
ou sur ğŸ‘‰https://lnkd.in/dsJug4WA",26,1,386,9,3
24,11841037,Kertys,6912322109096505344,2022-03-23 09:00:16.081000+00:00,https://www.linkedin.com/embed/feed/update/urn:li:share:6912322109096505344,,linkedin,WE AREÂ #hiring. Vous connaissez quelqu'un qui pourrait Ãªtre intÃ©ressÃ© ?,8,0,102,0,0
25,11841037,Kertys,6920770861385801728,2022-04-15 16:32:35.158000+00:00,https://www.linkedin.com/embed/feed/update/urn:li:ugcPost:6920770861385801728,,linkedin,Kertys organise lâ€™Ã©vÃ©nement Webinaire: Le pilotage de la performance financiÃ¨re avec lucanet. Souhaitez-vous participerÂ ?,2,0,25,0,0
26,11841037,Kertys,6906887619926704128,2022-03-08 09:05:32.716000+00:00,https://www.linkedin.com/embed/feed/update/urn:li:share:6906887619926704128,,linkedin,"Happy International Womenâ€™s day ğŸ‰
#womenatwork #womenintech #africanwomen",0,0,72,0,0
27,11841037,Kertys,6896777104781123584,2022-02-08 11:29:57.826000+00:00,https://www.linkedin.com/embed/feed/update/urn:li:share:6896777104781123584,,linkedin,"Le lieu de travail du futur est lÃ  ! â£

#KertysDigitalWorkplace favorise la collaboration numÃ©rique tout en dÃ©matÃ©rialisant notre travail quotidien. DÃ©couvrez un espace de travail exclusif sous un mÃªme toit, Dans ce contexte de tÃ©lÃ©travail et de transformation digitale, un nouveau concept Ã©merge, celui de la ""Digital Workplace"".

â£Un meilleur lieu de travail ne consiste pas seulement Ã  rÃ©duire vos dÃ©placements quotidiens ou la distance qui vous sÃ©pare de vos coÃ©quipiers. crÃ©e un environnement de travail collaboratif et gÃ¨re vos processus mÃ©tiers depuis le cloud.

DÃ©couvrez nos smart Apps ici : ğŸ‘‡

#smartapp #smartautomation #transformationnumÃ©rique #digitalafrica #afriquedigitale #afriquedelouest",3,0,105,0,0
28,11841037,Kertys,6954720480616431616,2022-07-18 08:56:15.174000+00:00,https://www.linkedin.com/embed/feed/update/urn:li:ugcPost:6954720480616431616,,linkedin,"Pour votreÂ #consolidationÂ financiÃ¨re, dites adieu aux processus manuels Ã©puisants sur des tableurs interminablesğŸ˜µ.
DÃ©couvrezÂ #LucaNetÂ et automatisez vos processus de consolidation.
Vous aurez enfin plus de temps ğŸ˜ƒ pour ce qui compte vraiment.

Demandez votre dÃ©mo ici : www.kertys.com/demo
#automatisationÂ #fpmÂ #pilotageÂ #DAFÂ #controledegestionÂ 
#rapprochementÂ #FinanceEntreprise",1,0,459,4,1
29,11841037,Kertys,6930435038316486656,2022-05-12 08:34:34.532000+00:00,https://www.linkedin.com/embed/feed/update/urn:li:ugcPost:6930435038316486656,,linkedin,Kertys is hosting Webinaire : La dÃ©matÃ©rialisation du bureau d'ordre et gestion des courriers. Would you like to attend?,1,0,39,0,0
30,11841037,Kertys,6911606554215493633,2022-03-21 09:36:54.085000+00:00,https://www.linkedin.com/embed/feed/update/urn:li:share:6911606554215493633,,linkedin,"Join webinar StreamSets to find out how the rightÂ #DataIntegrationÂ platform can help make your life easier. Reserve your seat now:
Learn more about streamSets : https://lnkd.in/d29qHVaR",0,0,58,1,0
31,11841037,Kertys,6915286909007077377,2022-03-31 13:21:19.072000+00:00,https://www.linkedin.com/embed/feed/update/urn:li:share:6915286909007077377,,linkedin,"ğŸš¨ [ANNONCE PARTENARIAT] ğŸ¤ Kertys xÂ LucaNet AG 
 
 Toute lâ€™Ã©quipe Kertys est extrÃªmement heureuse dâ€™annoncer notre nouveauÂ #partenariat avec LucaNet, fournisseur allemand de solution FPM ( Financial Performance Management) alliÃ© du DAF. Pour maÃ®triser la consolidation financiÃ¨re, la planification, le reporting et la gestion des donnÃ©es

 ğŸ’¡Ce partenariat est nÃ© de la volontÃ© de proposer des solutions technologiques avec des valeurs humaines fortes qui facilite grandement la vie des directeurs financiers, des contrÃ´leurs et des comptables de groupe. Disponible Ã  la fois en version cloud et sur site, LucaNet est la solution idÃ©ale pour les entreprises de toutes tailles et de tous secteurs. Plus de 3 500 clients dans plus de 50 pays font confiance Ã  LucaNet ğŸ’ª
ğŸ‘‰ Si vous voulez en savoir plus sur la solution #lucaNet
 
 âœ… Consultez notre article, lien dans les commentaires â¬‡ï¸",11,1,290,5,2
32,11841037,Kertys,6899298164533514240,2022-02-15 10:27:45.408000+00:00,https://www.linkedin.com/embed/feed/update/urn:li:share:6899298164533514240,,linkedin,"Le Svalbard Global Seed Vault a choisi la technologie unique de #stockage de #donnÃ©es de #Piql pour archiver les informations sur les graines dÃ©posÃ©es dans la #chambre #forte. Les donnÃ©es seront stockÃ©es sur le support de stockage immuable et Ã  long terme, piqlFilm, avec les graines.

""Il est presque aussi important que la semence mÃªme, de savoir de quel type de semence il s'agit et quelles sont ses propriÃ©tÃ©s. Ces informations sont actuellement stockÃ©es dans des bases de donnÃ©es. Ces systÃ¨mes sont vulnÃ©rables, et il y a un risque de perdre des informations, car les graines doivent Ãªtre conservÃ©es pendant plusieurs dÃ©cennies, voire plusieurs centaines d'annÃ©es.""

Ã…smund Asdal, coordinateur, Chambre forte mondiale des semences de Svalbard

La ministre de l'agriculture et de l'alimentation Sandra Borch et la ministre du dÃ©veloppement international Anne Beathe Tvinnereim ont dÃ©posÃ© les donnÃ©es et les graines.

https://lnkd.in/dFCuTfTZ

#PrÃ©sevationdesdonnÃ©es #patrimoine #patrimoineafrique #patrimoinedumaroc #morocconow #moroccotech #digitalafrica",12,0,295,12,3
33,69569872,GED M-Files for Africa,6917425381750775808,2022-04-06 10:58:50.670000+00:00,https://www.linkedin.com/embed/feed/update/urn:li:ugcPost:6917425381750775808,,linkedin,"[WebinarÂ ğŸ’¬]
Kertys is hosting Webinaire : La dÃ©matÃ©rialisation du bureau d'ordre et gestion des courriers. Would you like to attend?

Au programme :
âœ… PrÃ©sentation de la solution M-Files
âœ… PrÃ©sentation de la solution de gestion de courriers :
â—¾ Courriers entrants
â—¾ Courriers sortants

âœ…PrÃ©sentation de cas clients
âœ…PrÃ©sentation de la Kertys Digital Workplace avec la digitalisation dâ€™autres processus mÃ©tiers : Gestion des factures fournisseurs, gestion des appels dâ€™offres, gestion des Ressources Humaines, â€¦et le lien avec le bureau dâ€™ordre
âœ… Echanges et questions/rÃ©ponses

Vous dÃ©couvrirez lors de ce wÃ©binaire que la dÃ©matÃ©rialisation des workflows avec M-Files mÃ¨ne Ã  une vraie transformation numÃ©rique de votre entreprise. La solution M-Files est simple Ã  mettre en place, avec un ROI (Retour sur Investissement) immÃ©diat et des avantages nombreux comme :
1.L'automatisation et la rationalisation des processus de travail.
2. Renforcement de la sÃ©curitÃ© des donnÃ©es et des processus
3. Minimisation des erreurs humaines

https://lnkd.in/dr-MYpNS",0,0,24,0,0
34,11841037,Kertys,6942404643171786752,2022-06-14 09:17:30.727000+00:00,https://www.linkedin.com/embed/feed/update/urn:li:ugcPost:6942404643171786752,,linkedin,"KERTYS organise le 28 Juin 2022 Ã  10h GMT +1 un webinaire dÃ©diÃ© Ã  laÂ solution LucaNet, outil All in one de pilotage de la performance financiÃ¨re pour le reporting, lâ€™analyse, la planification et la consolidation financiÃ¨re .

LucaNet France vous permet de regrouper vos processus financiers (#consolidation, #planification, #reporting et #analyse) au sein d'une mÃªme application pour obtenir en un seul clic des donnÃ©es Ã  la fiabilitÃ© absolue.

Vous dÃ©couvrirezÂ commentÂ #LucaNetÂ automatise les processus financiers d'une entreprise et des Ã©tapes internes nÃ©cessaires Ã  la rÃ©alisation des opÃ©rations financiÃ¨res.
â€
Inscription :Â https://lnkd.in/dzra6uSg


#LucanetAfrique #LucanetMaroc #pilotagefinancierÂ #DAFÂ #CFO
Â #FPMÂ #reportingÂ #planification",4,1,260,9,5
35,11841037,Kertys,6904726556347097088,2022-03-02 09:58:14.810000+00:00,https://www.linkedin.com/embed/feed/update/urn:li:share:6904726556347097088,,linkedin,"Qu'est-ce que #StreamSets ?

La plateforme #DataOps StreamSets permet Ã  l'ensemble de votre Ã©quipe, des #data #engineer hautement qualifiÃ©s aux dÃ©veloppeurs #ETL visuels, d'effectuer un travail d'ingÃ©nierie de donnÃ©es puissant. Seul StreamSets permet Ã  la fois de commencer Ã  construire rapidement des pipelines grÃ¢ce Ã  une conception axÃ©e sur l'intention et de les Ã©tendre facilement pour rÃ©pondre aux besoins complexes des entreprises.

ğŸ“Œ Les pipelines de donnÃ©es intelligents s'adressent Ã  l'ensemble de l'Ã©cosystÃ¨me de l'ingÃ©nierie des donnÃ©es, permettant Ã  un ingÃ©nieur de donnÃ©es d'aider 10 dÃ©veloppeurs ETL et de servir 100 analystes. Les pipelines intelligents Ã©liminent Ã©galement 90 % du temps consacrÃ© Ã  la rÃ©paration et Ã  la maintenance, car ils sont rÃ©sistants Ã  la dÃ©rive des donnÃ©es et offrent une portabilitÃ© vers de nouvelles plateformes de donnÃ©es sans rÃ©Ã©criture. Avec #StreamSets, fournissez des donnÃ©es en continu via #DataOps, malgrÃ© la dÃ©rive constante des donnÃ©es.

L'exÃ©cution de votre premier pipeline dans StreamSets est simple et entiÃ¨rement gratuite.

âœ³ Facile Ã  dÃ©marrer, facile Ã  faire Ã©voluer
- CrÃ©ez et dÃ©ployez rapidement des pipelines de streaming, batch, CDC, ETL et ML.

âœ³ Gestion automatique de la dÃ©rive des donnÃ©esÂ Â 
- Maintenez les tÃ¢ches en cours d'exÃ©cution mÃªme lorsque les schÃ©mas et les structures changent.Â 

âœ³ DÃ©ployez sur des plateformes hybrides et multi-clouds.
- Surveillez et gÃ©rez tous vos pipelines de donnÃ©es Ã  partir d'un seul et mÃªme Ã©cran.

Demandez votre dÃ©monstration StreamSets ici : https://lnkd.in/dfSPs8j2 ğŸ‘ˆ",8,0,244,2,5
36,11841037,Kertys,6930090652684668929,2022-05-11 09:46:06.597000+00:00,https://www.linkedin.com/embed/feed/update/urn:li:share:6930090652684668929,,linkedin,"DÃ©couvrez le Webinaire de demain Jeudi 12 Mai sur la dÃ©matÃ©rialisation du bureau d'ordre et la gestion des courriers GEC avec M-Files
Inscrivez-vous pour recevoir le lien vers la rÃ©union :
https://lnkd.in/drE4SZxU

#morocconow #moroccotech #Bureaudordredigital #mfilesmaroc #mfilesafrique #gestiondescourriersafrique",2,0,174,0,0
37,11841037,Kertys,6959093467020959744,2022-07-30 10:32:56.398000+00:00,https://www.linkedin.com/embed/feed/update/urn:li:share:6959093467020959744,,linkedin,"

Ù†ØªÙ…Ù†Ù‰ Ù„ÙƒÙ… ÙˆÙ„Ø£Ø­Ø¨ØªÙƒÙ… Ø³Ù†Ø© Ù‡Ø¬Ø±ÙŠØ© Ø³Ø¹ÙŠØ¯Ø©
We wish you and your loved ones a Happy Islamic New Year 

#IslamicNewYear2022 #HijriNewYear #Hijri1444 ",3,0,117,1,1
38,11841037,Kertys,6961341605790294016,2022-08-05 15:26:14.577000+00:00,https://www.linkedin.com/embed/feed/update/urn:li:share:6961341605790294016,,linkedin,"Des erreurs dans la consolidation, la planification et le reporting financiers ? ğŸ˜µ Des donnÃ©es financiÃ¨res qui nÃ©cessitent un nettoyage manuel fastidieux ? D'innombrables sÃ©ances de clarification des transactions interentreprises ? En tant que dirigeant d'entreprise, vous Ãªtes constamment Ã  la recherche de moyens de rationaliser vos processus financiers. 

ğŸš€ Il existe une meilleure solution - et une solution plus simple : Le logiciel de gestion de la performance financiÃ¨re de #LucaNet.

âœ… Notre outils logiciels intelligents de FPM permet de cartographier vos processus associÃ©s dans un seul outil pour vous donner une vue d'ensemble complÃ¨te de vos finances. Vous serez en mesure d'automatiser chaque Ã©tape et de gÃ©nÃ©rer des chiffres fiables, tout en gagnant du temps grÃ¢ce Ã  un flux de travail rationalisÃ©.

ğŸ‘‰ Demander votre dÃ©mo ici: www.kertys.com/demo

#consolidationfinanciÃ¨re #DAF #directeurfinancier #audit #automatisationfinancÃ¨re #morocconow #digitalnow #digitalafrica",1,0,131,2,3
39,11841037,Kertys,6902245434400854016,2022-02-23 13:39:09.262000+00:00,https://www.linkedin.com/embed/feed/update/urn:li:share:6902245434400854016,,linkedin,"Le marchÃ© du #low-code et du #no-code ne cesse de grandir et de plus en plus dâ€™entreprises sâ€™y intÃ©ressent pour palier Ã  la pÃ©nurie de compÃ©tences techniques associÃ©e Ã  une demande toujours croissante dâ€™applications mÃ©tiers.

Dans cet article Olivier PAUGAM, co-fondateur et COO dâ€™Ignimission revient sur les avantages et les limites de ces solutions.

Envie dâ€™en savoir plus sur la solution low-code Ignimission pour la collecte des donnÃ©es ? ğŸ‘‰ www.kertys.com/demo

Retrouvez la totalitÃ© de lâ€™article ici ğŸ‘‰ https://lnkd.in/dbZjuY4q

#ignimission #ignimissionafrica #lowcode #nocode #datacollection",2,0,115,0,0
40,11841037,Kertys,6950200001440460800,2022-07-05 21:33:28.910000+00:00,https://www.linkedin.com/embed/feed/update/urn:li:ugcPost:6950200001440460800,,linkedin,Kertys organise lâ€™Ã©vÃ©nement La GED en Afrique et la dÃ©matÃ©rialisation des des processus mÃ©tiers.. Souhaitez-vous participerÂ ?,1,0,40,0,0
41,11841037,Kertys,6929480659191091200,2022-05-09 17:22:12.871000+00:00,https://www.linkedin.com/embed/feed/update/urn:li:ugcPost:6929480659191091200,,linkedin,"Depuis plus de douze ans, Kertys accompagne des PME et grands Groupes au Maroc et en Afrique pour amÃ©liorer leur performance et productivitÃ© au travers de l'implÃ©mentation de solutions digitales innovantes.

Notre connaissance mÃ©tier, notre expertise technique et nos partenariats avec les meilleurs outils technologiques sur le marchÃ© nous permettent d'accompagner nos clients dans leur processus d'innovation et de transformation de l'organisation.

Kertys vous accompagne dans l'automatisation de vos processus mÃ©tiers, l'Ã©laboration d'applications web et mobiles personnalisÃ©es rÃ©pondant Ã  vos besoins et dans la formation de vos collaborateurs avec des solutions : gestion Ã©lectronique des documents, dÃ©matÃ©rialisation des archives, du bureau d'ordre et des processus mÃ©tiers avec GED M-Files, la dÃ©matÃ©rialisation et gestion de la fonction RH avec SIRH Talentsoft, la consolidation et la gestion de la performance financiÃ¨re avec Lucanet, DataOps et ETL avec StreamSets, PrÃ©servation long terme des donnÃ©es et CybersÃ©curitÃ© avec PIQl, CrÃ©ation application web et mobile avec BPM EFLOW, robotisation automatisÃ©e des processus avec Automation Anywhere, la collecte des donnÃ©es avec Ignimission â€¦â€¦

Venez rencontrer lâ€™Ã©quipeÂ KertysÂ sur leur stand les 18 et 19 Mai Ã  lâ€™HÃ´tel Grand Mogador Casablanca.

TÃ©lÃ©chargez votre badge sur :
https://lnkd.in/dSVbNniBÂ 

Plus d'informations sur :Â www.emecexpo.ma

#salonÂ #Ã©vÃ©nementielÂ #eventÂ #businessÂ #trendsÂ #innovationÂ #marocÂ #moroccoÂ #casablancaÂ #emecexpoÂ #emecexpo2022Â #transformationÂ #transformationdigitaleÂ #digitaltransformationÂ #emarketingÂ #ecommerceÂ #cloudÂ #socialmediaÂ #rÃ©seauxsociauxÂ #affichagenumÃ©riqueÂ #mobileÂ #expoÂ #exposition",7,0,166,3,1
42,69569872,GED M-Files for Africa,6958464596932239360,2022-07-28 16:54:02.035000+00:00,https://www.linkedin.com/embed/feed/update/urn:li:share:6958464596932239360,,linkedin,,0,0,7,0,0
43,78306774,Rotary club Casablanca city,6918689209222324224,2022-04-09 22:40:50.632000+00:00,https://www.linkedin.com/embed/feed/update/urn:li:ugcPost:6918689209222324224,,linkedin,,6,0,98,4,2
44,11841037,Kertys,6912429400474927104,2022-03-23 16:06:35.892000+00:00,https://www.linkedin.com/embed/feed/update/urn:li:share:6912429400474927104,,linkedin,,1,0,38,0,0
45,69569872,GED M-Files for Africa,6897118400414396416,2022-02-09 10:06:09.035000+00:00,https://www.linkedin.com/embed/feed/update/urn:li:share:6897118400414396416,,linkedin,"Le lieu de travail du futur est lÃ  ! â£

#KertysDigitalWorkplaceÂ favorise la collaboration numÃ©rique tout en dÃ©matÃ©rialisant notre travail quotidien. DÃ©couvrez un espace de travail exclusif sous un mÃªme toit, Dans ce contexte de tÃ©lÃ©travail et de transformation digitale, un nouveau concept Ã©merge, celui de la ""Digital Workplace"".

â£Un meilleur lieu de travail ne consiste pas seulement Ã  rÃ©duire vos dÃ©placements quotidiens ou la distance qui vous sÃ©pare de vos coÃ©quipiers. crÃ©e un environnement de travail collaboratif et gÃ¨re vos processus mÃ©tiers depuis le cloud.

DÃ©couvrez nos smart Apps ici : ğŸ‘‡https://lnkd.in/gSdQj3tU

#smartappÂ #smartautomationÂ #transformationnumÃ©riqueÂ #digitalafricaÂ #afriquedigitaleÂ #afriquedelouest",2,0,22,0,0
46,11841037,Kertys,6945425462688952320,2022-06-22 17:21:10.225000+00:00,https://www.linkedin.com/embed/feed/update/urn:li:share:6945425462688952320,,linkedin,"#DAF,Â #Financier,Â #ConsolideurÂ ouÂ #Comptable, nâ€™hÃ©sitez pas Ã  nous rejoindre au WebinaireÂ LucaNet France/KertysÂ , Mardi le 28 Juin Ã  10H GMT+1 pour dÃ©couvrir la solutionÂ #LucanetÂ All in one de pilotage de laÂ #performanceÂ #financiÃ¨reÂ pour leÂ #reporting, lâ€™analyse, laÂ #planificationÂ et laÂ #consolidationÂ financiÃ¨re .

Inscription pour recevoir le lien zoom:Â https://lnkd.in/dzra6uSg

#BudgetÂ #PlanificationÂ #ReportingÂ #PerformanceÂ #EPMÂ #ProcessusFinanciersÂ #Finance",2,0,169,3,1
47,11841037,Kertys,6929506701595275265,2022-05-09 19:05:41.839000+00:00,https://www.linkedin.com/embed/feed/update/urn:li:share:6929506701595275265,,linkedin,"AtelierÂ KertysÂ : ""Lancement de notre plateformeÂ Portailachats.ma""

Votre badge pour assister aux confÃ©rences et ateliers â”Â https://lnkd.in/dSVbNniBÂ 

Intervenant :

Ali LAHRICHI : Fondateur et CEO de la sociÃ©tÃ© Kertys, Ali Lahrichi est Ã  la fois passionnÃ© et expert des nouvelles technologies et du monde du software.
En 2009 et aprÃ¨s plus de 18 annÃ©es passÃ©es en France au sein de sociÃ©tÃ©s de services et d'Ã©diteurs de logiciel Ibm cognos, oÃ¹ il a travaillÃ© dans la commercialisation et la mise en Å“uvre de projets de transformation digitale et de performance management au sein de grands groupes ; Ali Lahrichi a fondÃ© Kertys en France et au Maroc comme sociÃ©tÃ© spÃ©cialisÃ©e dans la transformation digitale et partenaire de trÃ¨s grands noms dans le monde du logiciel : Talentsoft, Anaplan, M-Files, ..
Aujourd'hui Kertys accompagne les entreprises Marocaines et Africaines dans leur voyage vers le progrÃ¨s et la transformation digitale en leur apportant de l'expertise fonctionnelle et technique.

Votre badge pour assister aux confÃ©rences et ateliers â”Â https://lnkd.in/dSVbNniBÂ 

Plus d'informations sur :Â www.emecexpo.ma

#salonÂ #Ã©vÃ©nementielÂ #eventÂ #businessÂ #trendsÂ #innovationÂ #marocÂ #moroccoÂ #casablancaÂ #emecexpoÂ #emecexpo2022Â #transformationÂ #transformationdigitaleÂ #digitaltransformationÂ #emarketingÂ #ecommerceÂ #cloudÂ #socialmediaÂ #rÃ©seauxsociauxÂ #affichagenumÃ©riqueÂ #mobileÂ #expoÂ #exposition",14,0,189,3,1
48,11841037,Kertys,6935233794320826368,2022-05-25 14:23:07.079000+00:00,https://www.linkedin.com/embed/feed/update/urn:li:ugcPost:6935233794320826368,,linkedin,,4,0,112,2,0
49,11841037,Kertys,6935263511757393920,2022-05-25 16:21:12.310000+00:00,https://www.linkedin.com/embed/feed/update/urn:li:ugcPost:6935263511757393920,,linkedin,"KERTYS Maroc et son partenaire Concept Cameroun vous donnent rendez-vous le 15 Septembre Ã  10h GMT+1 , pour un Forum virtuel commun M-Files for Africa dÃ©diÃ© Ã  la Gestion Ã©lectronique des documents en Afrique et la dÃ©matÃ©rialisation des processus mÃ©tiers au sein des entreprises Africaines.

Au programme :

- ğŸ“Œ DÃ©couvrez la ğŸğ¨ğ«ğœğ ğğ® ğ©ğšğ«ğ­ğğ§ğšğ«ğ¢ğšğ­ entre Kertys et Concept Cameroun, et comment les deux sociÃ©tÃ©s travaillent ensemble pour simplifier et accompagner les sociÃ¨tes Africaines dans leurs transformation digitale.

- ğŸ’» Assistez Ã  une PrÃ©sentation et une ğğÌğ¦ğ¨ de M-Files , outil complet qui permet Ã  la fois la gestion et dÃ©matÃ©rialisation de vos processus mÃ©tiers et la gestion Ã©lectronique de vos documents.

- ğŸ§ : TÃ©moignage Cas client d'#Ecobank, #BÃ©neficial life et #Orange 

- ğŸ‘‰ : une Offre de dÃ©marrage : Licences + Services + Applications (Bureau d'ordre + factures fournisseurs + ..) avec offre numÃ©risation

- âœ… ğğ¨ğ¬ğğ³ ğ­ğ¨ğ®ğ­ğğ¬ ğ¯ğ¨ğ¬ ğªğ®ğğ¬ğ­ğ¢ğ¨ğ§ğ¬ en direct Ã  Ali Lahrichi, CEO de Kertys, et Cyrille Tchomte, DG de Concept Cameroun

Inscrivez-vous gratuitement Ã  ce webinaire ! https://lnkd.in/enKdq5r8",12,0,204,3,10
50,11841037,Kertys,6954733027742658560,2022-07-18 09:46:06.714000+00:00,https://www.linkedin.com/embed/feed/update/urn:li:ugcPost:6954733027742658560,,linkedin,"Retour sur le Salon EMEC EXPO 2022 de la transformation digitale avec Ali Lahrichi.

Nous tenons a remercier l'ensemble des visiteurs et clients qui se sont rendus sur le stand. GrÃ¢ce Ã  vous, notre participation est un succÃ¨s.

Nous espÃ©rons que vous avez pris plaisir a nous rencontrer et que nous vous avons apportÃ© les informations dont vous aviez besoin sur nos solutions de transformation digitale.

#transformationdigitale #emecexpo #marocdigital #digitalnow",18,0,594,6,0
51,11841037,Kertys,6929480247339794432,2022-05-09 17:20:34.705000+00:00,https://www.linkedin.com/embed/feed/update/urn:li:share:6929480247339794432,,linkedin,"ConfÃ©renceÂ KertysÂ : ""Le software au service de la transformation digitale des entreprises""

Votre badge pour assister aux confÃ©rences â”Â https://lnkd.in/dSVbNniBÂ 

Intervenant :
Ali LAHRICHI : Fondateur et CEO de la sociÃ©tÃ© Kertys, Ali Lahrichi est Ã  la fois passionnÃ© et expert des nouvelles technologies et du monde du software.
En 2009 et aprÃ¨s plus de 18 annÃ©es passÃ©es en France au sein de sociÃ©tÃ©s de services et d'Ã©diteurs de logiciel Ibm cognos, oÃ¹ il a travaillÃ© dans la commercialisation et la mise en Å“uvre de projets de transformation digitale et de performance management au sein de grands groupes ; Ali Lahrichi a fondÃ© Kertys en France et au Maroc comme sociÃ©tÃ© spÃ©cialisÃ©e dans la transformation digitale et partenaire de trÃ¨s grands noms dans le monde du logiciel : Talentsoft, Anaplan, M-Files, ..
Aujourd'hui Kertys accompagne les entreprises Marocaines et Africaines dans leur voyage vers le progrÃ¨s et la transformation digitale en leur apportant de l'expertise fonctionnelle et technique.

Votre badge pour assister aux confÃ©rences â”Â https://lnkd.in/dSVbNniBÂ 

Plus d'informations sur :Â www.emecexpo.ma

#salonÂ #Ã©vÃ©nementielÂ #eventÂ #businessÂ #trendsÂ #innovationÂ #marocÂ #moroccoÂ #casablancaÂ #emecexpoÂ #emecexpo2022Â #transformationÂ #transformationdigitaleÂ #digitaltransformationÂ #emarketingÂ #ecommerceÂ #cloudÂ #socialmediaÂ #rÃ©seauxsociauxÂ #affichagenumÃ©riqueÂ #mobileÂ #expoÂ #exposition",4,0,137,1,0
52,69569872,GED M-Files for Africa,6897486995300720640,2022-02-10 10:30:48.954000+00:00,https://www.linkedin.com/embed/feed/update/urn:li:ugcPost:6897486995300720640,,linkedin,"Democratization of technology refers toÂ the process by which access to technology rapidly continues to become more accessible to more people.
Enabled with the right tools and knowledge, we can keep moving forward to make things better
#democratizingtech means taking the power of the digital and making it accessible for everyone in Africa.
Learn more : www.kertys.com",0,0,19,0,0
53,11841037,Kertys,6919232011190562816,2022-04-11 10:37:44.763000+00:00,https://www.linkedin.com/embed/feed/update/urn:li:ugcPost:6919232011190562816,,linkedin,Kertys is hosting Webinaire : La dÃ©matÃ©rialisation du bureau d'ordre et gestion des courriers. Would you like to attend?,1,0,29,0,0
54,11841037,Kertys,6931674104022347776,2022-05-15 18:38:10.781000+00:00,https://www.linkedin.com/embed/feed/update/urn:li:ugcPost:6931674104022347776,,linkedin,We are attending EMEC EXPO. Would you like to attend?,1,0,28,0,0
55,11841037,Kertys,6947125735543205889,2022-06-27 09:57:26.896000+00:00,https://www.linkedin.com/embed/feed/update/urn:li:share:6947125735543205889,,linkedin,"Rendez-vous demain pour le webinaire dÃ©diÃ© Ã  la solution LucaNet France , outil All in one de pilotage de la #performance #financiÃ¨re pour le reporting, lâ€™analyse, la planification et la #consolidation #financiÃ¨re .


Lien d'nscription pour recevoir le lien zoom :Â 
https://lnkd.in/dzra6uSg

LucaNet apporte une solution complÃ¨te, simple, Ã  la portÃ©e de l'utilisateur fonctionnel. L'objectif de LucaNet est de fournir Ã  la #Direction #FinanciÃ¨re une source unique de vÃ©ritÃ© de l'information financiÃ¨re, permettant de rÃ©pondre Ã  l'ensemble de ses besoins, en dÃ©cloisonnant les processus et en offrant une vue 360Â° de l'activitÃ©.

LucaNet permet de passer moins de temps Ã  produire, contrÃ´ler et rÃ©concilier les donnÃ©es, d'Ãªtre plus rÃ©actif et sÃ»r de ses donnÃ©es et ainsi se concentrer sur l'analyse et le pilotage de la performance.

LucaNet rÃ©unit Reporting, Analyses, Ã‰laboration BudgÃ©taire, Consolidation statutaire et de Gestion au sein d'une plateforme intuitive, flexible, adaptable et robuste.

L'outil LucaNet intÃ¨gre Ã©galement les donnÃ©es de sources hÃ©tÃ©rogÃ¨nes via la connexion directe aux systÃ¨mes comptables. Le catalogue de LucaNet contient plus de 200 connecteurs pour les principaux ERP du marchÃ©.(imports de balances gÃ©nÃ©rales, grands livres, imports excel...)Â 

Videos :Â https://lnkd.in/eAsjGaBF
https://lnkd.in/e5XiKA76

#digitalnow #digitalmorocco #Lucanetmaroc #Lucanetafrique #Directeurfinancier #Finance",2,1,232,2,3
56,11841037,Kertys,6920737579118002176,2022-04-15 14:20:20.103000+00:00,https://www.linkedin.com/embed/feed/update/urn:li:ugcPost:6920737579118002176,,linkedin,"Mercredi 6 avril 2022, SMART JOB reÃ§oit JoÃ«l Bentolila (Technology Research Lead, Cegid) dans l'Ã©mission ""Bien dans son job"" consacrÃ© aux effets de laÂ #transformationÂ #digitaleÂ sur lesÂ #RH

DÃ©couverez la solution #Talentsoft de Cegid pour l'automatisation et la dÃ©matÃ©rialisation de la fonction RH : https://lnkd.in/d-PzaJn",3,0,105,1,1
57,11841037,Kertys,6961243659707052032,2022-08-05 08:57:02.278000+00:00,https://www.linkedin.com/embed/feed/update/urn:li:share:6961243659707052032,,linkedin,"ğŸ¯ SÃ©curisez vos Ã©changes dÃ©matÃ©rialisÃ©s 

ğŸš€ Optez pour la #signature Ã©lectronique !

Vous avez besoin de signer une facture, un devis, un bon de commande, un contrat... oÃ¹ que vous soyez et en toute sÃ©curitÃ© ?

âœ… la signature Ã©lectronique s'applique sur les documents Ã©lectroniques, au mÃªme titre que la signature manuscrite s'applique sur les documents papier. Elle doit permettre d'authentifier le signataire et de garantir l'intÃ©gritÃ© d'un document.

https://lnkd.in/gb4HYBhp

#SignatureElectronique #signaturededocument #Bureaudordredigital #baridesign  #docusign #adobesign #GED #gestiondescourriers #morocconow  #digitalnow",2,0,132,1,4
58,11841037,Kertys,6925804383280459776,2022-04-29 13:54:00.306000+00:00,https://www.linkedin.com/embed/feed/update/urn:li:ugcPost:6925804383280459776,,linkedin,,4,0,75,0,0
59,11841037,Kertys,6915258443758997504,2022-03-31 11:28:12.386000+00:00,https://www.linkedin.com/embed/feed/update/urn:li:ugcPost:6915258443758997504,,linkedin,"[WebinarÂ ğŸ’¬]
Kertys is hosting Webinaire : La dÃ©matÃ©rialisation du bureau d'ordre et gestion des courriers. Would you like to attend?

Au programme :
âœ… PrÃ©sentation de la solution M-Files
âœ… PrÃ©sentation de la solution de gestion de courriers :
â—¾ Courriers entrants
â—¾ Courriers sortants

âœ…PrÃ©sentation de cas clients
âœ…PrÃ©sentation de la Kertys Digital Workplace avec la digitalisation dâ€™autres processus mÃ©tiers : Gestion des factures fournisseurs, gestion des appels dâ€™offres, gestion des Ressources Humaines, â€¦et le lien avec le bureau dâ€™ordre
âœ… Echanges et questions/rÃ©ponses

Vous dÃ©couvrirez lors de ce wÃ©binaire que la dÃ©matÃ©rialisation des workflows avec M-Files mÃ¨ne Ã  une vraie transformation numÃ©rique de votre entreprise. La solution M-Files est simple Ã  mettre en place, avec un ROI (Retour sur Investissement) immÃ©diat et des avantages nombreux comme :
1.L'automatisation et la rationalisation des processus de travail.
2. Renforcement de la sÃ©curitÃ© des donnÃ©es et des processus
3. Minimisation des erreurs humaines",1,0,47,0,0
60,11841037,Kertys,6916768666885791744,2022-04-04 15:29:17.625000+00:00,https://www.linkedin.com/embed/feed/update/urn:li:ugcPost:6916768666885791744,,linkedin,Kertys organise lâ€™Ã©vÃ©nement Webinaire: Le pilotage de la performance financiÃ¨re avec lucanet. Souhaitez-vous participerÂ ?,0,0,42,0,0
61,11841037,Kertys,6958809239007985664,2022-07-29 15:43:31.140000+00:00,https://www.linkedin.com/embed/feed/update/urn:li:share:6958809239007985664,,linkedin,"Ã€ lâ€™occasion de la FÃªte du TrÃ´ne, Kertys Maroc souhaite les meilleurs vÅ“ux de bonheur, santÃ© et prospÃ©ritÃ© Ã  Sa MajestÃ© le Roi Mohammed VI, ainsi quâ€™Ã  lâ€™ensemble du peuple marocain.
#fÃªtedutrÃ´ne #Maroc",2,0,91,0,0
62,11841037,Kertys,6892131673866387456,2022-01-26 15:50:40.835000+00:00,https://www.linkedin.com/embed/feed/update/urn:li:ugcPost:6892131673866387456,,linkedin,"Les fonctions de #signature #Ã©lectronique offertes par le module Signatures Ã©lectroniques et historisation avancÃ©e Ã©largissent les flux de travail deÂ la GED ECM M-FilesÂ :Â la transition d'Ã©tat peut Ãªtre certifiÃ©e avec les informations d'identification de l'utilisateur.Â 

Vous pouvez utiliser les signatures Ã©lectroniques pour certifier, par exemple, l'approbation de documents, facture ou n'importe quel autre document.

Demandez votre dÃ©mo #GED M-Files avec signature Ã©lectronique ici : https://bit.ly/3a7ndu4

#mfilesforafrica #mfiles #signatureÃ©lectronique #docusign #morocconow #digitalnow #digitalafrica",0,0,93,0,0
63,11841037,Kertys,6914232292475301889,2022-03-28 15:30:38.846000+00:00,https://www.linkedin.com/embed/feed/update/urn:li:ugcPost:6914232292475301889,,linkedin,,5,0,95,0,4
64,11841037,Kertys,6907260499755679744,2022-03-09 09:47:14.073000+00:00,https://www.linkedin.com/embed/feed/update/urn:li:share:6907260499755679744,,linkedin,"#REPLAY [Webinar ğŸ’¬]

La plateformeÂ #DataOpsÂ StreamSets permet Ã  l'ensemble de votre Ã©quipe, desÂ #dataÂ #engineerÂ hautement qualifiÃ©s aux dÃ©veloppeursÂ #ETLÂ visuels, d'effectuer un travail d'ingÃ©nierie de donnÃ©es puissant. 
StreamSets permet de construire rapidement des pipelines #ETL grÃ¢ce Ã  une conception axÃ©e sur l'intention et de les Ã©tendre facilement pour rÃ©pondre aux besoins complexes des entreprises.

Vous n'avez pas pu rejoindre notre webinar ? Ou vous souhaitez simplement le revisionner ?
Bonne nouvelle ! Le replay est dÃ©sormais disponible via ce lien ğŸ‘‰https://lnkd.in/dESBtR7Q

Ce webinar vous a Ã©tÃ© prÃ©sentÃ© parÂ Jean-Marc LE GONIDEC expert StreamSets et Ali Lahrichi CEO Kertys

Demandez vous aussi votre dÃ©mo StreamSets ici : https://lnkd.in/dfSPs8j2",0,0,190,3,6
65,11841037,Kertys,6912412529721782272,2022-03-23 14:59:33.648000+00:00,https://www.linkedin.com/embed/feed/update/urn:li:share:6912412529721782272,,linkedin,"Nous sommes heureux d'annoncer que M-Files a Ã©tÃ© nommÃ© laurÃ©at des prix d'excellence en intelligence artificielle du Business Intelligence Group. Pour en savoir plus :
https://lnkd.in/d36G4XBN
#GED #Gestiondocumentaire #AI #artificialintelligenceÂ #businessintelligence",1,0,210,2,2
66,78306774,Rotary club Casablanca city,6951832497244520448,2022-07-10 09:40:26.360000+00:00,https://www.linkedin.com/embed/feed/update/urn:li:share:6951832497244520448,,linkedin,"Vendredi 08 Juillet, notre Rotary Club Casablanca City Ã  travers son prÃ©sident Dr Mohammed Benazzouz ainsi que plusieurs membres du club ,ontÂ rÃ©pondu Ã  lâ€™invitation de lâ€™association Riad Al AMAL forumulÃ©e par sa prÃ©sidente MadameÂ Ghizlane Noomane.Â Â 

Â Riad Al amal , est une association qui cible les enfants sans abris (SDF), sans locaux, errants entre le boulevard Zerktouni et le quartier Bourgogne.Â 

Lâ€™ambition de lâ€™association Riad Al Amal, est dâ€™aider les enfants de la rue et les sans abris, dont des dÃ©linquants sortis de prison, des droguÃ©s, des enfants battus, violÃ©s, des mÃ¨res cÃ©libataires, sans famille, ni toit, Ã  prendre conscience quâ€™ils peuvent sâ€™amÃ©liorer, amÃ©liorer leur vie, les orienter vers des jours meilleurs.Â Â 

Lâ€™objectif Ã©tait de se rendre compte sur le terrain, des actions menÃ©es par lâ€™association Riad el Amal et Ã©galement dâ€™Ã©tudier les synergies entre Rotary Casablanca City et Riad el Amal.Â 

Nous pouvons dire que nous avons Ã©tÃ© tout dâ€™abord Ã©mus par la situation de ces jeunes, mais en mÃªme temps, nous avons pu mesurer le chemin parcouru grÃ¢ce au dÃ©vouement, lâ€™implication et la persÃ©vÃ©rance des volontaires de Riad al Amal.Â 

Aujourdâ€™hui grÃ¢ce Ã  Riad Al Amal, ces jeunes enfants de la rue, ont un toit, ils peuvent se laver, manger, et participer Ã  des actions qui leur permettent de dÃ©buter leur rÃ©-insertion dans la sociÃ©tÃ©.Â 

Lors de notre visite, nous avons pu assister au sacrifice de 2 moutons en prÃ©lude de Eid Al Adha .Â 
Le but Ã©tait de faire vivre Ã  ces jeunes lâ€™ambiance de la fÃªte et de se sentir un peu des enfants comme les autres.Â Â 

Nous avons Ã©tÃ© Ã©galement agrÃ©ablement surpris par la joie sur les visages de ces jeunes qui se sont mis Ã  chanter pour nous souhaiter la bienvenue !Â Â 
Lors de cette cÃ©rÃ©monie, il y avait une grande figure du football marocain, en la personne de petit Omar qui a reprÃ©sentÃ© l'association des anciens vedettes du football marocain.Â 


Par ailleurs, #Le clou de cette rencontre,Ã©tait la venue de Majda Yahyaoui prÃ©sentatrice Ã  2M de lâ€™Ã©mission Chada Al Alhan connue du public Marocain et grande interprÃ¨te du chant Malhoune. Majda Yahyaoui est venue soutenir lâ€™association Riad el Amal et offrir un moment de joie et de bonheur en interprÃ©tant plusieurs chansons,et en faisant participer les enfants.Â Â 

Câ€™Ã©tait une premiÃ¨re prise de contact, mais dores et dÃ©jÃ , nous avons convenu dâ€™une premiÃ¨re action commune entreÂ Â 
Riad al Amal, lâ€™association des anciens footbaleurs prÃ©sidÃ©e par monsieur Said benmansourÂ Â 
et Ã©galement, notre club* Rotary Club Casablanca City,Â 
Cette action aura lieu le samedi 10 Septembre 2022 et consistera, en la distribution de tenues de sports et de ballons , ainsi que l'organisation d'un match de foot pour ces jeunes qui pour certains dâ€™entre eux pourront rencontrer leurs idoles footballeurs!
#Rotary #Rotarycasablancacity #Riadalamal #enfants #social #actionsociale",9,0,71,4,1
67,69569872,GED M-Files for Africa,6935276883932557312,2022-05-25 17:14:20.529000+00:00,https://www.linkedin.com/embed/feed/update/urn:li:share:6935276883932557312,,linkedin,"KERTYS Maroc et son partenaire Concept Cameroun vous donnent rendez-vous le 16 Juin Ã  10h GMT+1 , pour un Forum virtuel commun dÃ©diÃ© Ã  la Gestion Ã©lectronique des documents en Afrique et la dÃ©matÃ©rialisation des processus mÃ©tiers au sein des entreprises Africaines.

Au programme :

- ğŸ“Œ DÃ©couvrez la ğŸğ¨ğ«ğœğ ğğ® ğ©ğšğ«ğ­ğğ§ğšğ«ğ¢ğšğ­ entre Kertys et Concept Cameroun, et comment les deux sociÃ©tÃ©s travaillent ensemble pour simplifier et accompagner les sociÃ¨tes Africaines dans leurs transformation digitale.

- ğŸ’» Assistez Ã  une PrÃ©sentation et une ğğÌğ¦ğ¨ de M-Files , outil complet qui permet Ã  la fois la gestion et dÃ©matÃ©rialisation de vos processus mÃ©tiers et la gestion Ã©lectronique de vos documents.

- ğŸ§ : TÃ©moignage Cas client d'#Ecobank, #BÃ©neficial life et #Orange

- ğŸ‘‰ : une Offre de dÃ©marrage : Licences + Services + Applications (Bureau d'ordre + factures fournisseurs + ..) avec offre numÃ©risation

- âœ… ğğ¨ğ¬ğğ³ ğ­ğ¨ğ®ğ­ğğ¬ ğ¯ğ¨ğ¬ ğªğ®ğğ¬ğ­ğ¢ğ¨ğ§ğ¬ en direct Ã  Ali Lahrichi, CEO de Kertys, et Cyrille Tchomte, DG de Concept Cameroun

Inscrivez-vous gratuitement Ã  ce webinaire ! https://lnkd.in/enKdq5r8",0,0,27,0,0
68,11841037,Kertys,6925201349932453888,2022-04-27 21:57:45.982000+00:00,https://www.linkedin.com/embed/feed/update/urn:li:share:6925201349932453888,,linkedin,,4,0,125,2,0
69,11841037,Kertys,6945715120534638592,2022-06-23 12:32:09.980000+00:00,https://www.linkedin.com/embed/feed/update/urn:li:ugcPost:6945715120534638592,,linkedin,,0,0,21,0,0
70,11841037,Kertys,6931958726480273408,2022-05-16 13:29:10.140000+00:00,https://www.linkedin.com/embed/feed/update/urn:li:share:6931958726480273408,,linkedin,"M-Files Online May '22 La mise Ã  jour commence Ã  Ãªtre dÃ©ployÃ©e auprÃ¨s des clients aujourd'hui. Faits saillants ce mois-ci :

Co-crÃ©ation dans le nouveau M-Files Web : il est maintenant possible de retirer un document pour co-crÃ©ation ou de rejoindre la co-crÃ©ation dans le client web.

PossibilitÃ© de tÃ©lÃ©charger les fichiers dans un document multi-fichiers sous forme de fichier ZIP dans le nouveau M-Files Web

Tableau d'affichage amÃ©liorÃ© pour M-Files Desktop : il est maintenant possible d'organiser les objets en groupes dans l'onglet Ã‰pinglÃ©.

âš ï¸ Dans M-Files Desktop, une boÃ®te de dialogue de confirmation s'affiche dÃ©sormais lorsqu'une vue est dÃ©placÃ©e

Les versions des applications de coffre-fort dÃ©pendantes sont vÃ©rifiÃ©es lorsqu'une nouvelle application de coffre-fort est installÃ©e

AccÃ¨s basÃ© sur les rÃ´les pour M-Files Manage : deux nouveaux rÃ´les, access admin et billing admin, ont Ã©tÃ© ajoutÃ©s Ã  M-Files Manage pour les utilisateurs qui ont besoin, par exemple, de gÃ©rer les licences utilisateur",4,0,208,1,1
71,11841037,Kertys,6902168328396488704,2022-02-23 08:32:45.701000+00:00,https://www.linkedin.com/embed/feed/update/urn:li:share:6902168328396488704,,linkedin,,0,0,56,1,0
72,78306774,Rotary club Casablanca city,6918692658810875904,2022-04-09 22:54:33.053000+00:00,https://www.linkedin.com/embed/feed/update/urn:li:ugcPost:6918692658810875904,,linkedin,,4,0,43,1,1
73,11841037,Kertys,6916751391793238017,2022-04-04 14:20:38.938000+00:00,https://www.linkedin.com/embed/feed/update/urn:li:ugcPost:6916751391793238017,,linkedin,"KERTYS organise le 28 Juin 2022 Ã  10h GMT +1 un webinaire dÃ©diÃ© Ã  laÂ solution LucaNet, outil All in one de pilotage de la performance financiÃ¨re pour le reporting, lâ€™analyse, la planification et la consolidation financiÃ¨re . 

Vous dÃ©couvrirezÂ comment #LucaNet automatise les processus financiers d'une entreprise et des Ã©tapes internes nÃ©cessaires Ã  la rÃ©alisation des opÃ©rations financiÃ¨res.
â€
Inscription : https://lnkd.in/dzra6uSg",5,0,120,0,5
74,78306774,Rotary club Casablanca city,6914305760306806784,2022-03-28 20:22:34.971000+00:00,https://www.linkedin.com/embed/feed/update/urn:li:share:6914305760306806784,,linkedin,"ğŸ“ŒRetour sur la #caravane #mÃ©dicale Ã  OUZGUITA rÃ©gion AL HAOUZ du 26 Mars 2022

Le Club Rotray Casablanca City, en collaboration avec lâ€™association AL HAKIM et les autoritÃ©s locales, a organisÃ© le 26 Mars 2022, une caravane mÃ©dicale. Plus de 600 personnes des douars environnants ont bÃ©nÃ©ficiÃ© gratuitement de consultations et de fournitures de mÃ©dicaments.
#associations #associationsdumaroc #clubrotary",20,0,167,7,3
75,11841037,Kertys,6955442758920593408,2022-07-20 08:46:19.763000+00:00,https://www.linkedin.com/embed/feed/update/urn:li:ugcPost:6955442758920593408,,linkedin,"#Piql permet aux organisations de prÃ©server leurs informations - qu'il s'agisse de documents, de films, de musique, de photos, de manuscrits, etc. pendant plus de 1000 ans - sans migration d'un support Ã  un autre.

De plus, l'information sera toujours vivante, accessible, inaltÃ©rable et sÃ©curisÃ©e : https://lnkd.in/dy7aEW8N

#digitalpreservation #piqlconnect #archivesdumaroc #datapreservation",43,0,311,2,8
76,11841037,Kertys,6934826216193470465,2022-05-24 11:23:32.877000+00:00,https://www.linkedin.com/embed/feed/update/urn:li:ugcPost:6934826216193470465,,linkedin,Kertys is hosting Webinaire: Le pilotage de la performance financiÃ¨re avec lucanet. Would you like to attend?,1,0,28,0,0
77,11841037,Kertys,6898927155892617217,2022-02-14 09:53:29.985000+00:00,https://www.linkedin.com/embed/feed/update/urn:li:ugcPost:6898927155892617217,,linkedin,"#MFiles solution GED est une solution ergonomique qui s'intÃ¨gre Ã  d'autres systÃ¨mes ERP. Il peut Ãªtre utilisÃ© pour automatiser le processus de gestion des commandes, de gestion des stocks et des finances, des factures, des RH, des dossiers administratives, des asssurances,........

Une solution EDM peut aider Ã  automatiser les processus mÃ©tier. Cela aidera Ã  rÃ©duire les erreurs humaines et Ã  les rendre plus efficaces. Cela rÃ©duit Ã©galement le temps consacrÃ© Ã  ces tÃ¢ches, ce qui conduira Ã  une meilleure expÃ©rience client.

Demandez votre dÃ©mo M-Files : www.kertys.com/demo",2,0,167,1,2
78,11841037,Kertys,6911970363748810752,2022-03-22 09:42:33.067000+00:00,https://www.linkedin.com/embed/feed/update/urn:li:share:6911970363748810752,,linkedin,"M-Files Online March '22 Update is now rolling out to customers. Highlights this month:
ğŸ‘¥ M-Files Manage user provisioning from Azure AD: it is now possible to manage user groups in Azure AD and push the users to M-Files. This lets you manage M-Files licenses at the user group level in M-Files Manage.
ğŸ”‘ Plugin based PKCE authentication support for Google SSO in the new M-Files Web
ğŸ“‚ Show in Folder button for exported content: when the content of a view or search results listing is exported, you can now click a Show in Folder button to open the target folder

Plus other improvements and fixes, full release notes:Â https://lnkd.in/gDJqimJ3

#MFilesFORAFRICAÂ #InformationManagementÂ #ReleaseNotes",6,1,153,1,0
79,11841037,Kertys,6919314921151180800,2022-04-11 16:07:12.046000+00:00,https://www.linkedin.com/embed/feed/update/urn:li:share:6919314921151180800,,linkedin,"Les donnÃ©es et l'information sont plus â˜¢ menacÃ©s que jamais! tant sous forme #physique que #digitale :
â¡ Changements climatiques 
â¡ Cyberattaques 
â¡ Catastrophes naturelles
â¡ DÃ©tÃ©riorations des assets et obsolescence technologique
â¡ Guerre...etc

Avec tous ces risques pour les donnÃ©es et les informations la sÃ©curitÃ© et la disponibilitÃ© des donnÃ©es , il faut agir ! âš 

#Piql est une solution de #stockage de #donnÃ©es unique et rÃ©volutionnaire garantissant que les donnÃ©es sont protÃ©gÃ©es contre la #cybercriminalitÃ©, la #cyberguerre et les armes #Ã©lectromagnÃ©tiques, garantissant que les informations restent #accessibles aujourd'hui et Ã  l'avenir, sous sa forme #authentique, indÃ©pendamment des technologies ou des solutions spÃ©cifiques.

En savoir plus sur la solution #Piql demandez votre demo ici : www.kertys.com/demo",6,0,121,1,6
