,id,last_modified_time,activity,agent,content_description,content_title,content_share_media_category,content_landing_page_url,content_content_entities,created_actor,created_time,edited,owner,subject,text,text_annotations,distribution_target_connections_only,distribution_target_visible_to_guest,last_modified_actor,client_app,original_share_id,reshared_share_id,_fivetran_synced
0,6916097818063433728,2022-04-02 19:07:20.453000+00:00,urn:li:activity:6916097818835185664,,,,RICH,,"[
  {
    ""entity"": ""urn:li:digitalmediaAsset:C4D22AQH4gDt_02l6wg"",
    ""entityLocation"": ""https://media-exp1.licdn.com/dms/image/C4D22AQH4gDt_02l6wg/feedshare-shrink_800/0/1648926214183?e=1662595200&v=beta&t=f0FWDjiw4RFXegE2V9CmU_fID-ed6b1oBGZIZWK-DuA"",
    ""thumbnails"": [
      {
        ""imageSpecificContent"": {
          ""height"": 748,
          ""width"": 800
        },
        ""resolvedUrl"": ""https://media-exp1.licdn.com/dms/image/C4D22AQH4gDt_02l6wg/feedshare-shrink_800/0/1648926214183?e=1662595200&v=beta&t=f0FWDjiw4RFXegE2V9CmU_fID-ed6b1oBGZIZWK-DuA""
      }
    ]
  }
]",urn:li:person:E25JKOJoFJ,2022-04-02 19:03:34.877000+00:00,True,urn:li:organization:11841037,,"Kertys vous souhaite un tr√®s bon #Ramadan et vous transmets ses meilleurs voeux. Que ce mois soit une occasion pour rafraichir vos esprits et en profiter pour d√©couvrir plus d'#actualit√©s autour du #transformationdigitale et de la #technologie.
#ramdan2022 #ramadanmubarak",[],,True,urn:li:csUser:0,,,,2022-08-08 10:43:06.679000+00:00
1,6947125735543205889,2022-06-27 09:57:26.954000+00:00,urn:li:activity:6947125736440782848,,,,RICH,,"[
  {
    ""entity"": ""urn:li:digitalmediaAsset:C4E22AQEzSgCUoRDseg"",
    ""entityLocation"": ""https://media-exp1.licdn.com/dms/image/C4E22AQEzSgCUoRDseg/feedshare-shrink_800/0/1656323845446?e=1662595200&v=beta&t=99qQUJ6k7bUHOW8CRcmnSANCYB1uQjzkAk8adg87Klo"",
    ""thumbnails"": [
      {
        ""imageSpecificContent"": {
          ""height"": 450,
          ""width"": 800
        },
        ""resolvedUrl"": ""https://media-exp1.licdn.com/dms/image/C4E22AQEzSgCUoRDseg/feedshare-shrink_800/0/1656323845446?e=1662595200&v=beta&t=99qQUJ6k7bUHOW8CRcmnSANCYB1uQjzkAk8adg87Klo""
      }
    ]
  }
]",urn:li:person:E25JKOJoFJ,2022-06-27 09:57:26.896000+00:00,False,urn:li:organization:11841037,,"Rendez-vous demain pour le webinaire d√©di√© √† la solution LucaNet France , outil All in one de pilotage de la #performance #financi√®re pour le reporting, l‚Äôanalyse, la planification et la #consolidation #financi√®re .


Lien d'nscription pour recevoir le lien zoom :¬†
https://lnkd.in/dzra6uSg

LucaNet apporte une solution compl√®te, simple, √† la port√©e de l'utilisateur fonctionnel. L'objectif de LucaNet est de fournir √† la #Direction #Financi√®re une source unique de v√©rit√© de l'information financi√®re, permettant de r√©pondre √† l'ensemble de ses besoins, en d√©cloisonnant les processus et en offrant une vue 360¬∞ de l'activit√©.

LucaNet permet de passer moins de temps √† produire, contr√¥ler et r√©concilier les donn√©es, d'√™tre plus r√©actif et s√ªr de ses donn√©es et ainsi se concentrer sur l'analyse et le pilotage de la performance.

LucaNet r√©unit Reporting, Analyses, √âlaboration Budg√©taire, Consolidation statutaire et de Gestion au sein d'une plateforme intuitive, flexible, adaptable et robuste.

L'outil LucaNet int√®gre √©galement les donn√©es de sources h√©t√©rog√®nes via la connexion directe aux syst√®mes comptables. Le catalogue de LucaNet contient plus de 200 connecteurs pour les principaux ERP du march√©.(imports de balances g√©n√©rales, grands livres, imports excel...)¬†

Videos :¬†https://lnkd.in/eAsjGaBF
https://lnkd.in/e5XiKA76

#digitalnow #digitalmorocco #Lucanetmaroc #Lucanetafrique #Directeurfinancier #Finance","[
  {
    ""entity"": ""urn:li:organization:9368135"",
    ""length"": 14,
    ""start"": 57
  }
]",,True,urn:li:csUser:0,,,,2022-08-08 10:43:06.678000+00:00
2,6906887619926704128,2022-03-08 09:05:32.764000+00:00,urn:li:activity:6906887621491187712,,,,RICH,,"[
  {
    ""entity"": ""urn:li:digitalmediaAsset:C4D22AQH1ROx6U9xeCw"",
    ""entityLocation"": ""https://media-exp1.licdn.com/dms/image/C4D22AQH1ROx6U9xeCw/feedshare-shrink_800/0/1646730331304?e=1662595200&v=beta&t=0_CYGAsCr183CqUYPqwQ31QYG6E1Z8IuBjy_bbMFz8M"",
    ""thumbnails"": [
      {
        ""imageSpecificContent"": {
          ""height"": 500,
          ""width"": 750
        },
        ""resolvedUrl"": ""https://media-exp1.licdn.com/dms/image/C4D22AQH1ROx6U9xeCw/feedshare-shrink_800/0/1646730331304?e=1662595200&v=beta&t=0_CYGAsCr183CqUYPqwQ31QYG6E1Z8IuBjy_bbMFz8M""
      }
    ]
  }
]",urn:li:person:E25JKOJoFJ,2022-03-08 09:05:32.716000+00:00,False,urn:li:organization:11841037,,"Happy International Women‚Äôs day üéâ
#womenatwork #womenintech #africanwomen",[],,True,urn:li:csUser:0,,,,2022-08-08 10:43:06.680000+00:00
3,6914305760306806784,2022-03-28 20:22:35.020000+00:00,urn:li:activity:6914305760885628928,,"Ev√©nement Le Club Rotray Casablanca City, en collaboration avec l‚Äôassociation AL HAKIM et les autorit√©s locales, a organis√© le 26 Mars 2022, une caravane m√©dicale. Plus de 600 personnes des douars environnants ont b√©n√©fici√© gratuitement de...",CARAVANE M√âDICALE ROTARY CLUB CASA CITY √Ä OUZGUITA HAOUZ,ARTICLE,,"[
  {
    ""description"": ""Ev√©nement Le Club Rotray Casablanca City, en collaboration avec l‚Äôassociation AL HAKIM et les autorit√©s locales, a organis√© le 26 Mars 2022, une caravane m√©dicale. Plus de 600 personnes des douars environnants ont b√©n√©fici√© gratuitement de..."",
    ""entity"": ""urn:li:article:7497241032532977918"",
    ""entityLocation"": ""https://rotaryclubcasacity.org/caravane-medicale-rotary-club-casa-city-a-ouzguita-haouz/"",
    ""thumbnails"": [
      {
        ""imageSpecificContent"": {},
        ""resolvedUrl"": ""https://rotaryclubcasacity.org/wp-content/uploads/2022/03/WhatsApp-Image-2022-03-28-at-5.00.07-PM.jpeg""
      }
    ],
    ""title"": ""CARAVANE M√âDICALE ROTARY CLUB CASA CITY √Ä OUZGUITA HAOUZ""
  }
]",urn:li:person:E25JKOJoFJ,2022-03-28 20:22:34.971000+00:00,False,urn:li:organization:78306774,,"üìåRetour sur la #caravane #m√©dicale √† OUZGUITA r√©gion AL HAOUZ du 26 Mars 2022

Le Club Rotray Casablanca City, en collaboration avec l‚Äôassociation AL HAKIM et les autorit√©s locales, a organis√© le 26 Mars 2022, une caravane m√©dicale. Plus de 600 personnes des douars environnants ont b√©n√©fici√© gratuitement de consultations et de fournitures de m√©dicaments.
#associations #associationsdumaroc #clubrotary",[],,True,urn:li:csUser:0,,,,2022-08-08 10:43:06.949000+00:00
4,6914168533450924032,2022-03-28 11:46:40.969000+00:00,urn:li:activity:6914168534008770561,,"Avec la g√©n√©ralisation du t√©l√©travail en temps de crise sanitaire, les attaques informatiques criminelles √† destination des entreprises ont explos√© en 2020.",Piql : solution efficase pour prot√©ger son entreprise face aux cyberattaques et ransomware.,ARTICLE,,"[
  {
    ""description"": ""Avec la g√©n√©ralisation du t√©l√©travail en temps de crise sanitaire, les attaques informatiques criminelles √† destination des entreprises ont explos√© en 2020."",
    ""entity"": ""urn:li:article:8449615009617477853"",
    ""entityLocation"": ""https://www.kertys.com/ressources/piql-solution-efficase-pour-se-proteger-son-entreprise-face-aux-cyberattaques-et-ransomware"",
    ""thumbnails"": [
      {
        ""imageSpecificContent"": {},
        ""resolvedUrl"": ""https://global-uploads.webflow.com/5fd767db7a0295257e053795/62418ea50f7647e1cf4d9acb_Ad%201200px%20-%20628px.png""
      }
    ],
    ""title"": ""Piql : solution efficase pour prot√©ger son entreprise face aux cyberattaques et ransomware.""
  }
]",urn:li:person:E25JKOJoFJ,2022-03-28 11:17:17.533000+00:00,True,urn:li:organization:11841037,,"#Piql une plateforme unique de sauvegarde, d‚Äôarchivage et de restauration de donn√©es en mode offline.
Gr√¢ce √† sa technologie PiqlFilm alliant un mat√©riau ultrar√©sistant et un stockage ultra-optimis√© via Qr-code, Le mode Off-line vous permet une protection efficace contre les intrusions, les cyberattaques, les ransomwares et toutes les autres catastrophes naturelles.

Votre syst√®me informatique est enti√®rement sauvegard√© en mode Offline et restaur√© √† tout moment en mode Online :¬†Environnement, syst√®me, logiciel, code source, document, image, video etc.

#Piql #cyberattaque #morocconow #moroccotech #ransomware #cybers√©curit√©",[],,True,urn:li:csUser:0,,,,2022-08-08 10:43:06.679000+00:00
5,6958809239007985664,2022-07-29 15:43:31.192000+00:00,urn:li:activity:6958809239700049920,,,,RICH,,"[
  {
    ""entity"": ""urn:li:digitalmediaAsset:C4E22AQGwjoTWcQru6A"",
    ""entityLocation"": ""https://media-exp1.licdn.com/dms/image/C4E22AQGwjoTWcQru6A/feedshare-shrink_800/0/1659109402500?e=1662595200&v=beta&t=UkB-fswYYb7aDR0smPU5TUi1_wWBnrK-Ppqic99ODB8"",
    ""thumbnails"": [
      {
        ""imageSpecificContent"": {
          ""height"": 960,
          ""width"": 640
        },
        ""resolvedUrl"": ""https://media-exp1.licdn.com/dms/image/C4E22AQGwjoTWcQru6A/feedshare-shrink_800/0/1659109402500?e=1662595200&v=beta&t=UkB-fswYYb7aDR0smPU5TUi1_wWBnrK-Ppqic99ODB8""
      }
    ]
  }
]",urn:li:person:E25JKOJoFJ,2022-07-29 15:43:31.140000+00:00,False,urn:li:organization:11841037,,"√Ä l‚Äôoccasion de la F√™te du Tr√¥ne, Kertys Maroc souhaite les meilleurs v≈ìux de bonheur, sant√© et prosp√©rit√© √† Sa Majest√© le Roi Mohammed VI, ainsi qu‚Äô√† l‚Äôensemble du peuple marocain.
#f√™tedutr√¥ne #Maroc",[],,True,urn:li:csUser:0,urn:li:developerApplication:58843716,,,2022-08-08 10:43:06.678000+00:00
6,6918687766889267200,2022-04-09 22:35:06.876000+00:00,urn:li:activity:6918687767770083328,,,,RICH,,"[
  {
    ""entity"": ""urn:li:digitalmediaAsset:C4D22AQH9HTWhgtaLWQ"",
    ""entityLocation"": ""https://media-exp1.licdn.com/dms/image/C4D22AQH9HTWhgtaLWQ/feedshare-shrink_800/0/1649543706152?e=1662595200&v=beta&t=XTgRVrarSnmXz6cjNAUntPSHNSwGZr-PNxdtvfaa0xM"",
    ""thumbnails"": [
      {
        ""imageSpecificContent"": {
          ""height"": 1124,
          ""width"": 800
        },
        ""resolvedUrl"": ""https://media-exp1.licdn.com/dms/image/C4D22AQH9HTWhgtaLWQ/feedshare-shrink_800/0/1649543706152?e=1662595200&v=beta&t=XTgRVrarSnmXz6cjNAUntPSHNSwGZr-PNxdtvfaa0xM""
      }
    ]
  }
]",urn:li:person:E25JKOJoFJ,2022-04-09 22:35:06.823000+00:00,False,urn:li:organization:78306774,,"Dans le cadre des actions sociales du #RotaryClub Casablanca City, nous vous invitons √† la pi√®ce de th√©√¢tre ‚Äú#Hammam #La3yalate‚Äù le¬†#21 Avril üìÖ .

En plus de passer un bon moment de plaisir et de d√©tente, vous participerez au financement d‚Äôune des actions phares de notre club, √† savoir le projet #Incubateur.

‚û° Ce projet vise √† favoriser :
‚úÖ L‚ÄôInclusion √©conomique des porteurs de projets et entrepreneurs de quartiers d√©favoris√©s
‚úÖ L‚Äôinsertion de ces derniers dans le tissu √©conomique Marocain;
La p√©rennisation des projets
‚úÖ Et la garantie d‚Äôune autonomie financi√®re.

‚û° L‚Äôappui du Rotary Club Casablanca City concerne deux volets :
‚úÖL‚Äôappui financier : Fonds d‚Äôamor√ßage, Equipements et espaces de travail collectifs
‚úÖ L‚Äôappui non financier : Accompagnement et conseil, Mise en relation/R√©seautage, √©v√©nements entrepreneuriaux.

üìå Aidez-nous √† r√©ussir ce projet en¬†r√©servant d√®s maintenance votre ticket¬†!
Prix du ticket : 300 MAD
üëâ Reservation ici : https://lnkd.in/duVYRds8
ou sur üëâhttps://lnkd.in/dsJug4WA",[],,True,urn:li:csUser:0,,,,2022-08-08 10:43:06.949000+00:00
7,6916693862904135680,2022-04-04 10:32:03.077000+00:00,urn:li:activity:6916693863575232512,,,,RICH,,"[
  {
    ""entity"": ""urn:li:digitalmediaAsset:C4D22AQFd9lPQqlAGmQ"",
    ""entityLocation"": ""https://media-exp1.licdn.com/dms/image/C4D22AQFd9lPQqlAGmQ/feedshare-shrink_800/0/1649068321659?e=1662595200&v=beta&t=1zRsFr8CB8cyPY8gQOsd8GY1mpEdqIV6Qa3SJ7P9QBc"",
    ""thumbnails"": [
      {
        ""imageSpecificContent"": {
          ""height"": 800,
          ""width"": 800
        },
        ""resolvedUrl"": ""https://media-exp1.licdn.com/dms/image/C4D22AQFd9lPQqlAGmQ/feedshare-shrink_800/0/1649068321659?e=1662595200&v=beta&t=1zRsFr8CB8cyPY8gQOsd8GY1mpEdqIV6Qa3SJ7P9QBc""
      }
    ]
  }
]",urn:li:person:E25JKOJoFJ,2022-04-04 10:32:03.017000+00:00,False,urn:li:organization:11841037,,"#Piql is a unique platform for backup, archiving and restoration of data in offline mode.
Thanks to its PiqlFilm technology combining an ultra-resistant material and an ultra-optimized storage via Qr-code, the Off-line mode allows you an efficient protection against intrusions, cyber-attacks, ransomwares and all other natural disasters.

Your computer system is fully backed up in Offline mode and restored at any time in Online mode: Environment, system, software, source code, document, image, video etc.

Read more : https://lnkd.in/dfjruUuC

*dont forget to change FR to EN

#Piql #cyberattack #morocconow #moroccotech #ransomware #cybersecurity",[],,True,urn:li:csUser:0,,,,2022-08-08 10:43:06.679000+00:00
8,6958464596932239360,2022-07-28 16:54:02.035000+00:00,urn:li:activity:6958464597443887104,,,,,,,urn:li:person:E25JKOJoFJ,2022-07-28 16:54:02.035000+00:00,False,urn:li:organizationBrand:69569872,,,,,True,urn:li:person:E25JKOJoFJ,,6.958464452111262e+18,6.958464452111262e+18,2022-08-08 10:43:07.382000+00:00
9,6911970363748810752,2022-03-22 09:42:33.120000+00:00,urn:li:activity:6911970364436672512,,,,RICH,,"[
  {
    ""entity"": ""urn:li:digitalmediaAsset:C4D22AQEuczDJE2CA8Q"",
    ""entityLocation"": ""https://media-exp1.licdn.com/dms/image/C4D22AQEuczDJE2CA8Q/feedshare-shrink_1280/0/1647942152676?e=1662595200&v=beta&t=hE9dT46Hyz9o8GZRUg9r8FL2bfmm0wzxumcaH2BWUD8"",
    ""thumbnails"": [
      {
        ""imageSpecificContent"": {
          ""height"": 589,
          ""width"": 1184
        },
        ""resolvedUrl"": ""https://media-exp1.licdn.com/dms/image/C4D22AQEuczDJE2CA8Q/feedshare-shrink_1280/0/1647942152676?e=1662595200&v=beta&t=hE9dT46Hyz9o8GZRUg9r8FL2bfmm0wzxumcaH2BWUD8""
      }
    ]
  }
]",urn:li:person:E25JKOJoFJ,2022-03-22 09:42:33.067000+00:00,False,urn:li:organization:11841037,,"M-Files Online March '22 Update is now rolling out to customers. Highlights this month:
üë• M-Files Manage user provisioning from Azure AD: it is now possible to manage user groups in Azure AD and push the users to M-Files. This lets you manage M-Files licenses at the user group level in M-Files Manage.
üîë Plugin based PKCE authentication support for Google SSO in the new M-Files Web
üìÇ Show in Folder button for exported content: when the content of a view or search results listing is exported, you can now click a Show in Folder button to open the target folder

Plus other improvements and fixes, full release notes:¬†https://lnkd.in/gDJqimJ3

#MFilesFORAFRICA¬†#InformationManagement¬†#ReleaseNotes",[],,True,urn:li:csUser:0,,,,2022-08-08 10:43:06.679000+00:00
10,6899666204143833088,2022-02-16 10:50:12.905000+00:00,urn:li:activity:6899666204919775233,,,,RICH,,"[
  {
    ""entity"": ""urn:li:digitalmediaAsset:C5622AQGjnNNaoZMWWg"",
    ""entityLocation"": ""https://media-exp1.licdn.com/dms/image/C5622AQGjnNNaoZMWWg/feedshare-shrink_1280/0/1645008601578?e=1662595200&v=beta&t=SLAny-JZf-EwrdBHJQupZyE-sxX9LtyoupOFS3002rI"",
    ""thumbnails"": [
      {
        ""imageSpecificContent"": {
          ""height"": 400,
          ""width"": 925
        },
        ""resolvedUrl"": ""https://media-exp1.licdn.com/dms/image/C5622AQGjnNNaoZMWWg/feedshare-shrink_1280/0/1645008601578?e=1662595200&v=beta&t=SLAny-JZf-EwrdBHJQupZyE-sxX9LtyoupOFS3002rI""
      }
    ]
  }
]",urn:li:person:E25JKOJoFJ,2022-02-16 10:50:12.840000+00:00,False,urn:li:organization:11841037,,"#Quoteday

When customers interact with you, they expect a seamless experience. In this age of technology, the best way to deliver on that expectation is to focus your efforts on leveraging automating and digitizing your process effectively as a strategical tools for future growth.

‚òû All of our team members are professional and ready to show you their digital transformation skills and solutions. You can get in touch with us right now to get started!‚Å£‚Å£

Let‚Äôs talk: sales@kertys.com",[],,True,urn:li:csUser:0,urn:li:developerApplication:58843716,,,2022-08-08 10:43:06.680000+00:00
11,6902245434400854016,2022-02-23 14:00:20.272000+00:00,urn:li:activity:6902245435227144192,,,,RICH,,"[
  {
    ""entity"": ""urn:li:digitalmediaAsset:C4D22AQHCTXk9yL7pfQ"",
    ""entityLocation"": ""https://media-exp1.licdn.com/dms/image/C4D22AQHCTXk9yL7pfQ/feedshare-shrink_800/0/1645623543103?e=1662595200&v=beta&t=j1E6OCKyhNouFuHwySoCKvJ6XHYNIGfkURLNUjgX-M8"",
    ""thumbnails"": [
      {
        ""imageSpecificContent"": {
          ""height"": 509,
          ""width"": 740
        },
        ""resolvedUrl"": ""https://media-exp1.licdn.com/dms/image/C4D22AQHCTXk9yL7pfQ/feedshare-shrink_800/0/1645623543103?e=1662595200&v=beta&t=j1E6OCKyhNouFuHwySoCKvJ6XHYNIGfkURLNUjgX-M8""
      }
    ]
  }
]",urn:li:person:E25JKOJoFJ,2022-02-23 13:39:09.262000+00:00,False,urn:li:organization:11841037,,"Le march√© du #low-code et du #no-code ne cesse de grandir et de plus en plus d‚Äôentreprises s‚Äôy int√©ressent pour palier √† la p√©nurie de comp√©tences techniques associ√©e √† une demande toujours croissante d‚Äôapplications m√©tiers.

Dans cet article Olivier PAUGAM, co-fondateur et COO d‚ÄôIgnimission revient sur les avantages et les limites de ces solutions.

Envie d‚Äôen savoir plus sur la solution low-code Ignimission pour la collecte des donn√©es ? üëâ www.kertys.com/demo

Retrouvez la totalit√© de l‚Äôarticle ici üëâ https://lnkd.in/dbZjuY4q

#ignimission #ignimissionafrica #lowcode #nocode #datacollection",[],,True,urn:li:csUser:0,urn:li:developerApplication:58843716,,,2022-08-08 10:43:06.680000+00:00
12,6945425462688952320,2022-06-22 17:21:10.341000+00:00,urn:li:activity:6945425463410352128,,,,RICH,,"[
  {
    ""entity"": ""urn:li:digitalmediaAsset:C4E22AQEe71IFitN2nA"",
    ""entityLocation"": ""https://media-exp1.licdn.com/dms/image/C4E22AQEe71IFitN2nA/feedshare-shrink_800/0/1655918469693?e=1662595200&v=beta&t=92mqGFlXPOKCdaJE__FsXlgQGBN3dQVTJAJonUUwixs"",
    ""thumbnails"": [
      {
        ""imageSpecificContent"": {
          ""height"": 800,
          ""width"": 800
        },
        ""resolvedUrl"": ""https://media-exp1.licdn.com/dms/image/C4E22AQEe71IFitN2nA/feedshare-shrink_800/0/1655918469693?e=1662595200&v=beta&t=92mqGFlXPOKCdaJE__FsXlgQGBN3dQVTJAJonUUwixs""
      }
    ]
  }
]",urn:li:person:E25JKOJoFJ,2022-06-22 17:21:10.225000+00:00,False,urn:li:organization:11841037,,"#DAF,¬†#Financier,¬†#Consolideur¬†ou¬†#Comptable, n‚Äôh√©sitez pas √† nous rejoindre au Webinaire¬†LucaNet France/Kertys¬†, Mardi le 28 Juin √† 10H GMT+1 pour d√©couvrir la solution¬†#Lucanet¬†All in one de pilotage de la¬†#performance¬†#financi√®re¬†pour le¬†#reporting, l‚Äôanalyse, la¬†#planification¬†et la¬†#consolidation¬†financi√®re .

Inscription pour recevoir le lien zoom:¬†https://lnkd.in/dzra6uSg

#Budget¬†#Planification¬†#Reporting¬†#Performance¬†#EPM¬†#ProcessusFinanciers¬†#Finance",[],,True,urn:li:csUser:0,,,,2022-08-08 10:43:06.678000+00:00
13,6915286909007077377,2022-03-31 17:14:21.468000+00:00,urn:li:activity:6915286909724307457,,,,RICH,,"[
  {
    ""entity"": ""urn:li:digitalmediaAsset:C4D22AQF7jwOsnfUaAQ"",
    ""entityLocation"": ""https://media-exp1.licdn.com/dms/image/C4D22AQF7jwOsnfUaAQ/feedshare-shrink_1280/0/1648732878538?e=1662595200&v=beta&t=u_zPmVaNjuejW7McyqIROzabGzIaNu2l93ofFAY7P2o"",
    ""thumbnails"": [
      {
        ""imageSpecificContent"": {
          ""height"": 699,
          ""width"": 1201
        },
        ""resolvedUrl"": ""https://media-exp1.licdn.com/dms/image/C4D22AQF7jwOsnfUaAQ/feedshare-shrink_1280/0/1648732878538?e=1662595200&v=beta&t=u_zPmVaNjuejW7McyqIROzabGzIaNu2l93ofFAY7P2o""
      }
    ]
  }
]",urn:li:person:E25JKOJoFJ,2022-03-31 13:21:19.072000+00:00,True,urn:li:organization:11841037,,"üö® [ANNONCE PARTENARIAT] ü§ù Kertys x¬†LucaNet AG 
 
 Toute l‚Äô√©quipe Kertys est extr√™mement heureuse d‚Äôannoncer notre nouveau¬†#partenariat avec LucaNet, fournisseur allemand de solution FPM ( Financial Performance Management) alli√© du DAF. Pour ma√Ætriser la consolidation financi√®re, la planification, le reporting et la gestion des donn√©es

 üí°Ce partenariat est n√© de la volont√© de proposer des solutions technologiques avec des valeurs humaines fortes qui facilite grandement la vie des directeurs financiers, des contr√¥leurs et des comptables de groupe. Disponible √† la fois en version cloud et sur site, LucaNet est la solution id√©ale pour les entreprises de toutes tailles et de tous secteurs. Plus de 3 500 clients dans plus de 50 pays font confiance √† LucaNet üí™
üëâ Si vous voulez en savoir plus sur la solution #lucaNet
 
 ‚úÖ Consultez notre article, lien dans les commentaires ‚¨áÔ∏è",[],,True,urn:li:csUser:0,,,,2022-08-08 10:43:06.679000+00:00
14,6961243659707052032,2022-08-05 08:57:02.331000+00:00,urn:li:activity:6961243660424294400,,"Dans la r√©alit√© du monde du travail d'aujourd'hui, les signatures √©lectroniques constituent un excellent moyen de rationaliser des processus qui, autrement, demandant de longues solutions de rechange",La GED M-Files rend la signature √©lectronique accessible aux organisations et bureaux d'ordre de toute taille au Maroc et Afrique,ARTICLE,,"[
  {
    ""description"": ""Dans la r√©alit√© du monde du travail d'aujourd'hui, les signatures √©lectroniques constituent un excellent moyen de rationaliser des processus qui, autrement, demandant de longues solutions de rechange"",
    ""entity"": ""urn:li:article:7808549970032907905"",
    ""entityLocation"": ""https://www.kertys.com/ressources/la-ged-m-files-rend-la-signature-electronique-accessible-aux-organisations-et-bureaux-dodre-digital-de-toute-taille-au-maroc-et-afrique"",
    ""thumbnails"": [
      {
        ""imageSpecificContent"": {},
        ""resolvedUrl"": ""https://global-uploads.webflow.com/5fd767db7a0295257e053795/62ec068764e5aa8dfe0a850a_Frame%203.png""
      }
    ],
    ""title"": ""La GED M-Files rend la signature √©lectronique accessible aux organisations et bureaux d'ordre de toute taille au Maroc et Afrique""
  }
]",urn:li:person:E25JKOJoFJ,2022-08-05 08:57:02.278000+00:00,False,urn:li:organization:11841037,,"üéØ S√©curisez vos √©changes d√©mat√©rialis√©s 

üöÄ Optez pour la #signature √©lectronique !

Vous avez besoin de signer une facture, un devis, un bon de commande, un contrat... o√π que vous soyez et en toute s√©curit√© ?

‚úÖ la signature √©lectronique s'applique sur les documents √©lectroniques, au m√™me titre que la signature manuscrite s'applique sur les documents papier. Elle doit permettre d'authentifier le signataire et de garantir l'int√©grit√© d'un document.

https://lnkd.in/gb4HYBhp

#SignatureElectronique #signaturededocument #Bureaudordredigital #baridesign  #docusign #adobesign #GED #gestiondescourriers #morocconow  #digitalnow",[],,True,urn:li:csUser:0,,,,2022-08-08 10:43:06.678000+00:00
15,6937318334375866368,2022-05-31 08:26:20.234000+00:00,urn:li:activity:6937318334971457536,,"At M-Files, we are continuously striving to develop our product. Our mission as a company is to improve and streamline business operations in today's location-independent digital world. M-Files integrates embedded systems, applications and data s...",INVESTING IN USER EXPERIENCE,ARTICLE,,"[
  {
    ""description"": ""At M-Files, we are continuously striving to develop our product. Our mission as a company is to improve and streamline business operations in today's location-independent digital world. M-Files integrates embedded systems, applications and data s..."",
    ""entity"": ""urn:li:article:7378862360033102952"",
    ""entityLocation"": ""https://community.m-files.com/product-resources/b/the-product-blog/posts/investing-in-user-experience"",
    ""thumbnails"": [
      {
        ""imageSpecificContent"": {
          ""height"": 533,
          ""width"": 800
        },
        ""resolvedUrl"": ""https://media-exp1.licdn.com/dms/image/sync/D4E27AQEGql_0mBb1yw/articleshare-shrink_800/0/1659815116431?e=1660561200&v=beta&t=vKDepc45wo7eNcS0NPDCYfCDs8J_j9xHlHNFFb32vyk""
      }
    ],
    ""title"": ""INVESTING IN USER EXPERIENCE""
  }
]",urn:li:person:E25JKOJoFJ,2022-05-31 08:26:20.180000+00:00,False,urn:li:organization:11841037,,"M-Files¬†is investing significantly in developing the digital¬†#UserExperience. In this blog post, our Head of Design¬†Antti Kujala¬†gives a glimpse of the 7 design principles at the heart of the M-Files design language:¬†https://lnkd.in/e_w2z88m

To put these principles in practice, we are currently working on a significant UI update of M-Files Desktop client, coming out later this year. Stay tuned for more news on this redesign!

#mfilesforafrica #mfilesmaroc #gedmaroc #d√©materialisation #processus",[],,True,urn:li:csUser:0,,,,2022-08-08 10:43:06.678000+00:00
16,6944584612681539585,2022-06-20 09:39:56.107000+00:00,urn:li:activity:6944584613801435136,,,,RICH,,"[
  {
    ""entity"": ""urn:li:digitalmediaAsset:C4E22AQGcP9DkVC6ZJA"",
    ""entityLocation"": ""https://media-exp1.licdn.com/dms/image/C4E22AQGcP9DkVC6ZJA/feedshare-shrink_1280/0/1655717995015?e=1662595200&v=beta&t=_eOSnRv9RvRmU4wJgs55b1RJfB5xfw0pR9DLJpzTON4"",
    ""thumbnails"": [
      {
        ""imageSpecificContent"": {
          ""height"": 589,
          ""width"": 1184
        },
        ""resolvedUrl"": ""https://media-exp1.licdn.com/dms/image/C4E22AQGcP9DkVC6ZJA/feedshare-shrink_1280/0/1655717995015?e=1662595200&v=beta&t=_eOSnRv9RvRmU4wJgs55b1RJfB5xfw0pR9DLJpzTON4""
      }
    ]
  }
]",urn:li:person:E25JKOJoFJ,2022-06-20 09:39:56.055000+00:00,False,urn:li:organization:11841037,,"M-Files Online June '22 Update is now rolling out to customers via automatic updates and will be available for manual download later this week. Highlights this month:
üé¨ The new M-Files Web can now preview video and audio files. Supported video formats: MP4, WEBM, and OGV. Supported audio formats: MP3, OGG, WAV.
üìß Vault admins can now configure external mail sources in multi-tenant cloud environments
üîë Support for Azure Key Vault in on-premises Multi-Server Mode environments
üí° Smart Metadata and Smart Migration improvements
üß© M-Files Plugin for Hubshare allows you to, for instance, create hubs and hub users from M-Files. The plugin is separately available on the M-Files Catalog:¬†https://lnkd.in/erSCgjQw

Plus other improvements and 30+ fixes, full release notes:¬†https://lnkd.in/dwDEypz

There will not be an M-Files update in July, so the next version will be released in August. Have a nice summer!

#MFiles¬†#InformationManagement¬†#ReleaseNotes",[],,True,urn:li:csUser:0,,,,2022-08-08 10:43:06.678000+00:00
17,6930090652684668929,2022-05-11 09:46:06.650000+00:00,urn:li:activity:6930090653338992641,,,,RICH,,"[
  {
    ""entity"": ""urn:li:digitalmediaAsset:C4D22AQHfRYiBsiTBvw"",
    ""entityLocation"": ""https://media-exp1.licdn.com/dms/image/C4D22AQHfRYiBsiTBvw/feedshare-shrink_1280/0/1652262365377?e=1662595200&v=beta&t=wSuouOxTarmxZIoPIgbyhgQHtrHYx4-w80Uog9vSqTY"",
    ""thumbnails"": [
      {
        ""imageSpecificContent"": {
          ""height"": 628,
          ""width"": 1200
        },
        ""resolvedUrl"": ""https://media-exp1.licdn.com/dms/image/C4D22AQHfRYiBsiTBvw/feedshare-shrink_1280/0/1652262365377?e=1662595200&v=beta&t=wSuouOxTarmxZIoPIgbyhgQHtrHYx4-w80Uog9vSqTY""
      }
    ]
  }
]",urn:li:person:E25JKOJoFJ,2022-05-11 09:46:06.597000+00:00,False,urn:li:organization:11841037,,"D√©couvrez le Webinaire de demain Jeudi 12 Mai sur la d√©mat√©rialisation du bureau d'ordre et la gestion des courriers GEC avec M-Files
Inscrivez-vous pour recevoir le lien vers la r√©union :
https://lnkd.in/drE4SZxU

#morocconow #moroccotech #Bureaudordredigital #mfilesmaroc #mfilesafrique #gestiondescourriersafrique",[],,True,urn:li:csUser:0,,,,2022-08-08 10:43:06.678000+00:00
18,6896777104781123584,2022-02-08 11:29:57.891000+00:00,urn:li:activity:6896777105376694272,,"La Digital Workplace, un concept innovant, qui d√©mat√©rialise votre quotidien au travail de fa√ßon collaborative et g√®re vos processus m√©tiers depuis le cloud.",Digital Workplace ‚Äì Transformation digitale | Kertys,ARTICLE,,"[
  {
    ""description"": ""La Digital Workplace, un concept innovant, qui d√©mat√©rialise votre quotidien au travail de fa√ßon collaborative et g√®re vos processus m√©tiers depuis le cloud."",
    ""entity"": ""urn:li:article:8335858989777568262"",
    ""entityLocation"": ""https://www.kertys.com/services/digital-workplace"",
    ""thumbnails"": [
      {
        ""imageSpecificContent"": {},
        ""resolvedUrl"": ""https://global-uploads.webflow.com/5fd767db53c1a1cc98cf8e76/5ff315db44f6ccfb0f331b76_Thumbnail-digital-workplace.png""
      }
    ],
    ""title"": ""Digital Workplace ‚Äì Transformation digitale | Kertys""
  }
]",urn:li:person:E25JKOJoFJ,2022-02-08 11:29:57.826000+00:00,False,urn:li:organization:11841037,,"Le lieu de travail du futur est l√† ! ‚Å£

#KertysDigitalWorkplace favorise la collaboration num√©rique tout en d√©mat√©rialisant notre travail quotidien. D√©couvrez un espace de travail exclusif sous un m√™me toit, Dans ce contexte de t√©l√©travail et de transformation digitale, un nouveau concept √©merge, celui de la ""Digital Workplace"".

‚Å£Un meilleur lieu de travail ne consiste pas seulement √† r√©duire vos d√©placements quotidiens ou la distance qui vous s√©pare de vos co√©quipiers. cr√©e un environnement de travail collaboratif et g√®re vos processus m√©tiers depuis le cloud.

D√©couvrez nos smart Apps ici : üëá

#smartapp #smartautomation #transformationnum√©rique #digitalafrica #afriquedigitale #afriquedelouest",[],,True,urn:li:csUser:0,,,,2022-08-08 10:43:06.680000+00:00
19,6961341605790294016,2022-08-05 18:00:02.706000+00:00,urn:li:activity:6961341607052722176,,,,RICH,,"[
  {
    ""entity"": ""urn:li:digitalmediaAsset:C4E22AQHTs8Oa-WdCtg"",
    ""entityLocation"": ""https://media-exp1.licdn.com/dms/image/C4E22AQHTs8Oa-WdCtg/feedshare-shrink_1280/0/1659713161302?e=1662595200&v=beta&t=uVEm2F4klU2tUiYXauVulLWqgc8tK95TJX_mw7OHJDQ"",
    ""thumbnails"": [
      {
        ""imageSpecificContent"": {
          ""height"": 652,
          ""width"": 1251
        },
        ""resolvedUrl"": ""https://media-exp1.licdn.com/dms/image/C4E22AQHTs8Oa-WdCtg/feedshare-shrink_1280/0/1659713161302?e=1662595200&v=beta&t=uVEm2F4klU2tUiYXauVulLWqgc8tK95TJX_mw7OHJDQ""
      }
    ]
  }
]",urn:li:person:E25JKOJoFJ,2022-08-05 15:26:14.577000+00:00,False,urn:li:organization:11841037,,"Des erreurs dans la consolidation, la planification et le reporting financiers ? üòµ Des donn√©es financi√®res qui n√©cessitent un nettoyage manuel fastidieux ? D'innombrables s√©ances de clarification des transactions interentreprises ? En tant que dirigeant d'entreprise, vous √™tes constamment √† la recherche de moyens de rationaliser vos processus financiers. 

üöÄ Il existe une meilleure solution - et une solution plus simple : Le logiciel de gestion de la performance financi√®re de #LucaNet.

‚úÖ Notre outils logiciels intelligents de FPM permet de cartographier vos processus associ√©s dans un seul outil pour vous donner une vue d'ensemble compl√®te de vos finances. Vous serez en mesure d'automatiser chaque √©tape et de g√©n√©rer des chiffres fiables, tout en gagnant du temps gr√¢ce √† un flux de travail rationalis√©.

üëâ Demander votre d√©mo ici: www.kertys.com/demo

#consolidationfinanci√®re #DAF #directeurfinancier #audit #automatisationfinanc√®re #morocconow #digitalnow #digitalafrica",[],,True,urn:li:csUser:0,urn:li:developerApplication:58843716,,,2022-08-08 10:43:06.677000+00:00
20,6944592419690582016,2022-06-20 10:10:57.359000+00:00,urn:li:activity:6944592420466524160,,,,RICH,,"[
  {
    ""entity"": ""urn:li:digitalmediaAsset:C4E22AQHiwnFsmGn3wg"",
    ""entityLocation"": ""https://media-exp1.licdn.com/dms/image/C4E22AQHiwnFsmGn3wg/feedshare-shrink_800/0/1655719856653?e=1662595200&v=beta&t=zn-rXUbgfKGt2J6OUPf2C4jL_6eL7kxARqtKNyKVLkw"",
    ""thumbnails"": [
      {
        ""imageSpecificContent"": {
          ""height"": 800,
          ""width"": 800
        },
        ""resolvedUrl"": ""https://media-exp1.licdn.com/dms/image/C4E22AQHiwnFsmGn3wg/feedshare-shrink_800/0/1655719856653?e=1662595200&v=beta&t=zn-rXUbgfKGt2J6OUPf2C4jL_6eL7kxARqtKNyKVLkw""
      }
    ]
  }
]",urn:li:person:E25JKOJoFJ,2022-06-20 10:10:57.305000+00:00,False,urn:li:organization:11841037,,"J-8 üöÄpour notre webinaire LucaNet France / Kertys,
Th√®me : Le pilotage de la performance financi√®re avec Lucanet
Vous d√©couvrirez¬†comment 
#LucaNet automatise les processus financiers d'une entreprise et des √©tapes internes n√©cessaires √† la r√©alisation des op√©rations financi√®res.
‚Äç
Inscription : https://lnkd.in/dzra6uSg üëà
#LucanetAfrique¬†#LucanetMaroc¬†#pilotagefinancier¬†#DAF¬†#CFO
¬†#FPM¬†#reporting¬†#planification #finance¬†#IFRS¬†#consolidation","[
  {
    ""entity"": ""urn:li:organization:9368135"",
    ""length"": 14,
    ""start"": 27
  },
  {
    ""entity"": ""urn:li:organization:11841037"",
    ""length"": 6,
    ""start"": 44
  }
]",,True,urn:li:csUser:0,,,,2022-08-08 10:43:06.678000+00:00
21,6912412529721782272,2022-03-23 14:59:33.698000+00:00,urn:li:activity:6912412530434785280,,Nous sommes ravis d'annoncer que M-Files a √©t√© nomm√© laur√©at du prix d'excellence en Intelligence Artificielle du Business Intelligence Group.,M-Files nomm√© laur√©at des 2022 BIG Artificial Intelligence Excellence Awards,ARTICLE,,"[
  {
    ""description"": ""Nous sommes ravis d'annoncer que M-Files a √©t√© nomm√© laur√©at du prix d'excellence en Intelligence Artificielle du Business Intelligence Group."",
    ""entity"": ""urn:li:article:8173539021078860920"",
    ""entityLocation"": ""https://www.kertys.com/ressources/m-files-nomme-laureat-des-2022-big-artificial-intelligence-excellence-awards"",
    ""thumbnails"": [
      {
        ""imageSpecificContent"": {},
        ""resolvedUrl"": ""https://global-uploads.webflow.com/5fd767db7a0295257e053795/623b33d04698063ad3be2498_1648041478666.jpg""
      }
    ],
    ""title"": ""M-Files nomm√© laur√©at des 2022 BIG Artificial Intelligence Excellence Awards""
  }
]",urn:li:person:E25JKOJoFJ,2022-03-23 14:59:33.648000+00:00,False,urn:li:organization:11841037,,"Nous sommes heureux d'annoncer que M-Files a √©t√© nomm√© laur√©at des prix d'excellence en intelligence artificielle du Business Intelligence Group. Pour en savoir plus :
https://lnkd.in/d36G4XBN
#GED #Gestiondocumentaire #AI #artificialintelligence¬†#businessintelligence",[],,True,urn:li:csUser:0,,,,2022-08-08 10:43:06.679000+00:00
22,6904726556347097088,2022-03-02 09:58:14.860000+00:00,urn:li:activity:6904726557081104385,,,,RICH,,"[
  {
    ""entity"": ""urn:li:digitalmediaAsset:C4D22AQFM3eMQmIoL0w"",
    ""entityLocation"": ""https://media-exp1.licdn.com/dms/image/C4D22AQFM3eMQmIoL0w/feedshare-shrink_800/0/1646215094351?e=1662595200&v=beta&t=dcvUE2KykJH_kZ4ANdNiBWOiYzuG1Stf7wLubH4k7KI"",
    ""thumbnails"": [
      {
        ""imageSpecificContent"": {
          ""height"": 500,
          ""width"": 500
        },
        ""resolvedUrl"": ""https://media-exp1.licdn.com/dms/image/C4D22AQFM3eMQmIoL0w/feedshare-shrink_800/0/1646215094351?e=1662595200&v=beta&t=dcvUE2KykJH_kZ4ANdNiBWOiYzuG1Stf7wLubH4k7KI""
      }
    ]
  }
]",urn:li:person:E25JKOJoFJ,2022-03-02 09:58:14.810000+00:00,False,urn:li:organization:11841037,,"Qu'est-ce que #StreamSets ?

La plateforme #DataOps StreamSets permet √† l'ensemble de votre √©quipe, des #data #engineer hautement qualifi√©s aux d√©veloppeurs #ETL visuels, d'effectuer un travail d'ing√©nierie de donn√©es puissant. Seul StreamSets permet √† la fois de commencer √† construire rapidement des pipelines gr√¢ce √† une conception ax√©e sur l'intention et de les √©tendre facilement pour r√©pondre aux besoins complexes des entreprises.

üìå Les pipelines de donn√©es intelligents s'adressent √† l'ensemble de l'√©cosyst√®me de l'ing√©nierie des donn√©es, permettant √† un ing√©nieur de donn√©es d'aider 10 d√©veloppeurs ETL et de servir 100 analystes. Les pipelines intelligents √©liminent √©galement 90 % du temps consacr√© √† la r√©paration et √† la maintenance, car ils sont r√©sistants √† la d√©rive des donn√©es et offrent une portabilit√© vers de nouvelles plateformes de donn√©es sans r√©√©criture. Avec #StreamSets, fournissez des donn√©es en continu via #DataOps, malgr√© la d√©rive constante des donn√©es.

L'ex√©cution de votre premier pipeline dans StreamSets est simple et enti√®rement gratuite.

‚ú≥ Facile √† d√©marrer, facile √† faire √©voluer
- Cr√©ez et d√©ployez rapidement des pipelines de streaming, batch, CDC, ETL et ML.

‚ú≥ Gestion automatique de la d√©rive des donn√©es¬†¬†
- Maintenez les t√¢ches en cours d'ex√©cution m√™me lorsque les sch√©mas et les structures changent.¬†

‚ú≥ D√©ployez sur des plateformes hybrides et multi-clouds.
- Surveillez et g√©rez tous vos pipelines de donn√©es √† partir d'un seul et m√™me √©cran.

Demandez votre d√©monstration StreamSets ici : https://lnkd.in/dfSPs8j2 üëà",[],,True,urn:li:csUser:0,,,,2022-08-08 10:43:06.680000+00:00
23,6912322109096505344,2022-03-23 09:00:16.133000+00:00,urn:li:activity:6912322111483056128,,,,,,"[
  {
    ""entity"": ""urn:li:job:2980712566""
  }
]",urn:li:person:E25JKOJoFJ,2022-03-23 09:00:16.081000+00:00,False,urn:li:organization:11841037,,WE ARE¬†#hiring. Vous connaissez quelqu'un qui pourrait √™tre int√©ress√© ?,[],,True,urn:li:csUser:0,,,,2022-08-08 10:43:06.679000+00:00
24,6901837020327739392,2022-02-22 10:36:15.821000+00:00,urn:li:activity:6901837021174996992,,,,RICH,,"[
  {
    ""entity"": ""urn:li:digitalmediaAsset:C4D22AQEq9dJTS7PPEA"",
    ""entityLocation"": ""https://media-exp1.licdn.com/dms/image/C4D22AQEq9dJTS7PPEA/feedshare-shrink_1280/0/1645526162090?e=1662595200&v=beta&t=AZq_3XrAYF8d24FmMh_qOkiawfIOV73Q49qKgUHwLPs"",
    ""thumbnails"": [
      {
        ""imageSpecificContent"": {
          ""height"": 589,
          ""width"": 1184
        },
        ""resolvedUrl"": ""https://media-exp1.licdn.com/dms/image/C4D22AQEq9dJTS7PPEA/feedshare-shrink_1280/0/1645526162090?e=1662595200&v=beta&t=AZq_3XrAYF8d24FmMh_qOkiawfIOV73Q49qKgUHwLPs""
      }
    ]
  }
]",urn:li:person:E25JKOJoFJ,2022-02-22 10:36:15.758000+00:00,False,urn:li:organization:11841037,,"M-Files Online February '22 Update is starting to roll out this week. Many great small improvements this month:
üé® Support for custom object type icons in new M-Files Web
üîÑ Automatically refresh view when object has changed on server: content of an open view in M-Files Desktop is now automatically refreshed as a background operation at specified refresh intervals.
‚ö°Ô∏è Better metadata card configuration performance in M-Files Classic Web
üìÑ Performance with templates improved in document creation in M-Files Desktop
üì§ Possibility to change the default exportation settings: the export dialog in M-Files Desktop now remembers the options used last time.
üîï Possibility to disable notifications per user for assignments: assignment notifications and workflow state notifications are not sent anymore if a user has configured notifications off in M-Files Desktop.
üîç Search within this view as a new view option: you can now configure a view to default to ""Search within this view"" under the view's Advanced tab.
üî≠ Multiple improvements for M-Files Discovery

Plus other improvements and fixes, full release notes: https://lnkd.in/gdpuPZnJ

The M-Files 2018 product has moved to maintenance mode. No new features will be introduced by default to M-Files 2018.

#MFiles #InformationManagement #ReleaseNotes",[],,True,urn:li:csUser:0,urn:li:developerApplication:58843716,,,2022-08-08 10:43:06.680000+00:00
25,6902168328396488704,2022-02-23 08:32:45.701000+00:00,urn:li:activity:6902168329004670976,,,,,,,urn:li:person:E25JKOJoFJ,2022-02-23 08:32:45.701000+00:00,False,urn:li:organization:11841037,,,,,True,urn:li:person:E25JKOJoFJ,,6.90192326761214e+18,6.90192326761214e+18,2022-08-08 10:43:06.680000+00:00
26,6922135792467222528,2022-04-19 10:56:20.282000+00:00,urn:li:activity:6922135793570324480,,"Avec la g√©n√©ralisation du t√©l√©travail en temps de crise sanitaire, les attaques informatiques criminelles √† destination des entreprises ont explos√© en 2020.",Piql : solution efficase pour prot√©ger son entreprise face aux cyberattaques et ransomware.,ARTICLE,,"[
  {
    ""description"": ""Avec la g√©n√©ralisation du t√©l√©travail en temps de crise sanitaire, les attaques informatiques criminelles √† destination des entreprises ont explos√© en 2020."",
    ""entity"": ""urn:li:article:8449615009617477853"",
    ""entityLocation"": ""https://www.kertys.com/ressources/piql-solution-efficase-pour-se-proteger-son-entreprise-face-aux-cyberattaques-et-ransomware"",
    ""thumbnails"": [
      {
        ""imageSpecificContent"": {},
        ""resolvedUrl"": ""https://global-uploads.webflow.com/5fd767db7a0295257e053795/62418ea50f7647e1cf4d9acb_Ad%201200px%20-%20628px.png""
      }
    ],
    ""title"": ""Piql : solution efficase pour prot√©ger son entreprise face aux cyberattaques et ransomware.""
  }
]",urn:li:person:E25JKOJoFJ,2022-04-19 10:56:20.235000+00:00,False,urn:li:organization:11841037,,"#Piql est une plateforme unique pour la sauvegarde, l'archivage et la restauration des donn√©es en mode hors ligne.
‚ñ∂ Gr√¢ce √† sa technologie PiqlFilm alliant un mat√©riau ultra r√©sistant et un stockage ultra optimis√© via Qr-code, le mode hors ligne vous permet une protection efficace contre les intrusions, les #cyber-attaques, les ran√ßons et toutes autres catastrophes naturelles.
Votre syst√®me informatique est enti√®rement sauvegard√© en mode hors ligne et restaur√© √† tout moment en mode Online : environnement, syst√®me, logiciel, code source, document, image, vid√©o etc.
Demandez votre d√©mo ici : www.kertys.com/demo
En savoir plus : https://lnkd.in/dfjruUuC
#Piql #cyberattack #morocconow #moroccotech #ransomware #cybersecurity",[],,True,urn:li:csUser:0,,,,2022-08-08 10:43:06.679000+00:00
27,6907260499755679744,2022-03-09 09:47:14.164000+00:00,urn:li:activity:6907260500837834752,,,,RICH,,"[
  {
    ""entity"": ""urn:li:digitalmediaAsset:C4D22AQFPwGP2XUN_ZQ"",
    ""entityLocation"": ""https://media-exp1.licdn.com/dms/image/C4D22AQFPwGP2XUN_ZQ/feedshare-shrink_1280/0/1646819233565?e=1662595200&v=beta&t=d2zt9p919uXvpelFFEL4mZaqGI59aRfERD2eWf6uVCk"",
    ""thumbnails"": [
      {
        ""imageSpecificContent"": {
          ""height"": 608,
          ""width"": 1080
        },
        ""resolvedUrl"": ""https://media-exp1.licdn.com/dms/image/C4D22AQFPwGP2XUN_ZQ/feedshare-shrink_1280/0/1646819233565?e=1662595200&v=beta&t=d2zt9p919uXvpelFFEL4mZaqGI59aRfERD2eWf6uVCk""
      }
    ]
  }
]",urn:li:person:E25JKOJoFJ,2022-03-09 09:47:14.073000+00:00,False,urn:li:organization:11841037,,"#REPLAY [Webinar üí¨]

La plateforme¬†#DataOps¬†StreamSets permet √† l'ensemble de votre √©quipe, des¬†#data¬†#engineer¬†hautement qualifi√©s aux d√©veloppeurs¬†#ETL¬†visuels, d'effectuer un travail d'ing√©nierie de donn√©es puissant. 
StreamSets permet de construire rapidement des pipelines #ETL gr√¢ce √† une conception ax√©e sur l'intention et de les √©tendre facilement pour r√©pondre aux besoins complexes des entreprises.

Vous n'avez pas pu rejoindre notre webinar ? Ou vous souhaitez simplement le revisionner ?
Bonne nouvelle ! Le replay est d√©sormais disponible via ce lien üëâhttps://lnkd.in/dESBtR7Q

Ce webinar vous a √©t√© pr√©sent√© par¬†Jean-Marc LE GONIDEC expert StreamSets et Ali Lahrichi CEO Kertys

Demandez vous aussi votre d√©mo StreamSets ici : https://lnkd.in/dfSPs8j2","[
  {
    ""entity"": ""urn:li:person:hEIXFdtVlp"",
    ""length"": 20,
    ""start"": 629
  },
  {
    ""entity"": ""urn:li:person:agv6n4CrFg"",
    ""length"": 12,
    ""start"": 671
  }
]",,True,urn:li:csUser:0,,,,2022-08-08 10:43:06.679000+00:00
28,6927706791057199104,2022-05-04 19:53:29.660000+00:00,urn:li:activity:6927706791581495298,,,,,,,urn:li:person:E25JKOJoFJ,2022-05-04 19:53:29.660000+00:00,False,urn:li:organization:11841037,,,,,True,urn:li:person:E25JKOJoFJ,,6.927659676658528e+18,6.927659676658528e+18,2022-08-08 10:43:06.679000+00:00
29,6925201349932453888,2022-04-27 21:57:45.982000+00:00,urn:li:activity:6925201350569984000,,,,,,,urn:li:person:agv6n4CrFg,2022-04-27 21:57:45.982000+00:00,False,urn:li:organization:11841037,,,,,True,urn:li:person:agv6n4CrFg,,6.924738160803406e+18,6.924738160803406e+18,2022-08-08 10:43:06.679000+00:00
30,6928346523256643584,2022-05-06 14:15:33.740000+00:00,urn:li:activity:6928346523915165696,,,,,,,urn:li:person:E25JKOJoFJ,2022-05-06 14:15:33.740000+00:00,False,urn:li:organization:11841037,,,,,True,urn:li:person:E25JKOJoFJ,,6.928346207975002e+18,6.928346207975002e+18,2022-08-08 10:43:06.679000+00:00
31,6919314921151180800,2022-04-11 16:13:06.995000+00:00,urn:li:activity:6919314922015178753,,,,RICH,,"[
  {
    ""entity"": ""urn:li:digitalmediaAsset:C4D22AQEk08tmm11C5Q"",
    ""entityLocation"": ""https://media-exp1.licdn.com/dms/image/C4D22AQEk08tmm11C5Q/feedshare-shrink_800/0/1649693230687?e=1662595200&v=beta&t=6J-dY9VjHPlMykgXq5a3oQg2VRx6I3pbnpo_khjwgoU"",
    ""thumbnails"": [
      {
        ""imageSpecificContent"": {
          ""height"": 800,
          ""width"": 800
        },
        ""resolvedUrl"": ""https://media-exp1.licdn.com/dms/image/C4D22AQEk08tmm11C5Q/feedshare-shrink_800/0/1649693230687?e=1662595200&v=beta&t=6J-dY9VjHPlMykgXq5a3oQg2VRx6I3pbnpo_khjwgoU""
      }
    ]
  }
]",urn:li:person:E25JKOJoFJ,2022-04-11 16:07:12.046000+00:00,True,urn:li:organization:11841037,,"Les donn√©es et l'information sont plus ‚ò¢ menac√©s que jamais! tant sous forme #physique que #digitale :
‚û° Changements climatiques 
‚û° Cyberattaques 
‚û° Catastrophes naturelles
‚û° D√©t√©riorations des assets et obsolescence technologique
‚û° Guerre...etc

Avec tous ces risques pour les donn√©es et les informations la s√©curit√© et la disponibilit√© des donn√©es , il faut agir ! ‚ö†

#Piql est une solution de #stockage de #donn√©es unique et r√©volutionnaire garantissant que les donn√©es sont prot√©g√©es contre la #cybercriminalit√©, la #cyberguerre et les armes #√©lectromagn√©tiques, garantissant que les informations restent #accessibles aujourd'hui et √† l'avenir, sous sa forme #authentique, ind√©pendamment des technologies ou des solutions sp√©cifiques.

En savoir plus sur la solution #Piql demandez votre demo ici : www.kertys.com/demo",[],,True,urn:li:csUser:0,,,,2022-08-08 10:43:06.679000+00:00
32,6899298164533514240,2022-02-15 10:27:45.471000+00:00,urn:li:activity:6899298165535952896,,,,RICH,,"[
  {
    ""entity"": ""urn:li:digitalmediaAsset:C4D22AQF5DxQVQm2f9g"",
    ""entityLocation"": ""https://media-exp1.licdn.com/dms/image/C4D22AQF5DxQVQm2f9g/feedshare-shrink_800/0/1644920863987?e=1662595200&v=beta&t=QZQ2kNWGKFOiOeAHSaoya1og-5JB_uVAo9VzMlYgjUQ"",
    ""thumbnails"": [
      {
        ""imageSpecificContent"": {
          ""height"": 1067,
          ""width"": 800
        },
        ""resolvedUrl"": ""https://media-exp1.licdn.com/dms/image/C4D22AQF5DxQVQm2f9g/feedshare-shrink_800/0/1644920863987?e=1662595200&v=beta&t=QZQ2kNWGKFOiOeAHSaoya1og-5JB_uVAo9VzMlYgjUQ""
      }
    ]
  },
  {
    ""entity"": ""urn:li:digitalmediaAsset:C4D22AQGqDeEf9zqfNQ"",
    ""entityLocation"": ""https://media-exp1.licdn.com/dms/image/C4D22AQGqDeEf9zqfNQ/feedshare-shrink_480/0/1644920863927?e=1662595200&v=beta&t=2nweBNIi9OvAHs3Ms5JEj23g0RDmcyhFoFgku1QQVKQ"",
    ""thumbnails"": [
      {
        ""imageSpecificContent"": {
          ""height"": 853,
          ""width"": 480
        },
        ""resolvedUrl"": ""https://media-exp1.licdn.com/dms/image/C4D22AQGqDeEf9zqfNQ/feedshare-shrink_480/0/1644920863927?e=1662595200&v=beta&t=2nweBNIi9OvAHs3Ms5JEj23g0RDmcyhFoFgku1QQVKQ""
      }
    ]
  },
  {
    ""entity"": ""urn:li:digitalmediaAsset:C4D22AQH-Imew9asKbw"",
    ""entityLocation"": ""https://media-exp1.licdn.com/dms/image/C4D22AQH-Imew9asKbw/feedshare-shrink_800/0/1644920863907?e=1662595200&v=beta&t=ENMmUkoCKSiz_dmaBN4T5MBaC0FeSTOOM4yD_WsHlvE"",
    ""thumbnails"": [
      {
        ""imageSpecificContent"": {
          ""height"": 599,
          ""width"": 800
        },
        ""resolvedUrl"": ""https://media-exp1.licdn.com/dms/image/C4D22AQH-Imew9asKbw/feedshare-shrink_800/0/1644920863907?e=1662595200&v=beta&t=ENMmUkoCKSiz_dmaBN4T5MBaC0FeSTOOM4yD_WsHlvE""
      }
    ]
  }
]",urn:li:person:E25JKOJoFJ,2022-02-15 10:27:45.408000+00:00,False,urn:li:organization:11841037,,"Le Svalbard Global Seed Vault a choisi la technologie unique de #stockage de #donn√©es de #Piql pour archiver les informations sur les graines d√©pos√©es dans la #chambre #forte. Les donn√©es seront stock√©es sur le support de stockage immuable et √† long terme, piqlFilm, avec les graines.

""Il est presque aussi important que la semence m√™me, de savoir de quel type de semence il s'agit et quelles sont ses propri√©t√©s. Ces informations sont actuellement stock√©es dans des bases de donn√©es. Ces syst√®mes sont vuln√©rables, et il y a un risque de perdre des informations, car les graines doivent √™tre conserv√©es pendant plusieurs d√©cennies, voire plusieurs centaines d'ann√©es.""

√Ösmund Asdal, coordinateur, Chambre forte mondiale des semences de Svalbard

La ministre de l'agriculture et de l'alimentation Sandra Borch et la ministre du d√©veloppement international Anne Beathe Tvinnereim ont d√©pos√© les donn√©es et les graines.

https://lnkd.in/dFCuTfTZ

#Pr√©sevationdesdonn√©es #patrimoine #patrimoineafrique #patrimoinedumaroc #morocconow #moroccotech #digitalafrica",[],,True,urn:li:csUser:0,,,,2022-08-08 10:43:06.680000+00:00
33,6912429400474927104,2022-03-23 16:06:35.892000+00:00,urn:li:activity:6912429400927932416,,,,,,,urn:li:person:E25JKOJoFJ,2022-03-23 16:06:35.892000+00:00,False,urn:li:organization:11841037,,,,,True,urn:li:person:E25JKOJoFJ,,6.881250792955802e+18,6.881250792955802e+18,2022-08-08 10:43:06.679000+00:00
34,6935276883932557312,2022-05-25 17:14:20.593000+00:00,urn:li:activity:6935276884939165696,,,,RICH,,"[
  {
    ""entity"": ""urn:li:digitalmediaAsset:C4E22AQFDCns94e5qVA"",
    ""entityLocation"": ""https://media-exp1.licdn.com/dms/image/C4E22AQFDCns94e5qVA/feedshare-shrink_1280/0/1653498859892?e=1662595200&v=beta&t=SgcoWuhIyQkeSS3oDm1IaifJ6f4IgIkAjTOPFIcpJ70"",
    ""thumbnails"": [
      {
        ""imageSpecificContent"": {
          ""height"": 628,
          ""width"": 1200
        },
        ""resolvedUrl"": ""https://media-exp1.licdn.com/dms/image/C4E22AQFDCns94e5qVA/feedshare-shrink_1280/0/1653498859892?e=1662595200&v=beta&t=SgcoWuhIyQkeSS3oDm1IaifJ6f4IgIkAjTOPFIcpJ70""
      }
    ]
  }
]",urn:li:person:E25JKOJoFJ,2022-05-25 17:14:20.529000+00:00,False,urn:li:organizationBrand:69569872,,"KERTYS Maroc et son partenaire Concept Cameroun vous donnent rendez-vous le 16 Juin √† 10h GMT+1 , pour un Forum virtuel commun d√©di√© √† la Gestion √©lectronique des documents en Afrique et la d√©mat√©rialisation des processus m√©tiers au sein des entreprises Africaines.

Au programme :

- üìå D√©couvrez la ùêüùê®ùê´ùêúùêû ùêùùêÆ ùê©ùêöùê´ùê≠ùêûùêßùêöùê´ùê¢ùêöùê≠ entre Kertys et Concept Cameroun, et comment les deux soci√©t√©s travaillent ensemble pour simplifier et accompagner les soci√®tes Africaines dans leurs transformation digitale.

- üíª Assistez √† une Pr√©sentation et une ùêùùêûÃÅùê¶ùê® de M-Files , outil complet qui permet √† la fois la gestion et d√©mat√©rialisation de vos processus m√©tiers et la gestion √©lectronique de vos documents.

- üßê : T√©moignage Cas client d'#Ecobank, #B√©neficial life et #Orange

- üëâ : une Offre de d√©marrage : Licences + Services + Applications (Bureau d'ordre + factures fournisseurs + ..) avec offre num√©risation

- ‚úÖ ùêèùê®ùê¨ùêûùê≥ ùê≠ùê®ùêÆùê≠ùêûùê¨ ùêØùê®ùê¨ ùê™ùêÆùêûùê¨ùê≠ùê¢ùê®ùêßùê¨ en direct √† Ali Lahrichi, CEO de Kertys, et Cyrille Tchomte, DG de Concept Cameroun

Inscrivez-vous gratuitement √† ce webinaire ! https://lnkd.in/enKdq5r8",[],,True,urn:li:csUser:0,,,,2022-08-08 10:43:07.382000+00:00
35,6951832497244520448,2022-07-10 09:40:26.434000+00:00,urn:li:activity:6951832498213404672,,,,RICH,,"[
  {
    ""entity"": ""urn:li:digitalmediaAsset:C4E22AQGNakOsmjcAbw"",
    ""entityLocation"": ""https://media-exp1.licdn.com/dms/image/C4E22AQGNakOsmjcAbw/feedshare-shrink_800/0/1657446025658?e=1662595200&v=beta&t=8uxufZzCUpFWHkxPSQXO5FbD6jRhouKlEZeLxnKpbOo"",
    ""thumbnails"": [
      {
        ""imageSpecificContent"": {
          ""height"": 1066,
          ""width"": 800
        },
        ""resolvedUrl"": ""https://media-exp1.licdn.com/dms/image/C4E22AQGNakOsmjcAbw/feedshare-shrink_800/0/1657446025658?e=1662595200&v=beta&t=8uxufZzCUpFWHkxPSQXO5FbD6jRhouKlEZeLxnKpbOo""
      }
    ]
  }
]",urn:li:person:agv6n4CrFg,2022-07-10 09:40:26.360000+00:00,False,urn:li:organization:78306774,,"Vendredi 08 Juillet, notre Rotary Club Casablanca City √† travers son pr√©sident Dr Mohammed Benazzouz ainsi que plusieurs membres du club ,ont¬†r√©pondu √† l‚Äôinvitation de l‚Äôassociation Riad Al AMAL forumul√©e par sa pr√©sidente Madame¬†Ghizlane Noomane.¬†¬†

¬†Riad Al amal , est une association qui cible les enfants sans abris (SDF), sans locaux, errants entre le boulevard Zerktouni et le quartier Bourgogne.¬†

L‚Äôambition de l‚Äôassociation Riad Al Amal, est d‚Äôaider les enfants de la rue et les sans abris, dont des d√©linquants sortis de prison, des drogu√©s, des enfants battus, viol√©s, des m√®res c√©libataires, sans famille, ni toit, √† prendre conscience qu‚Äôils peuvent s‚Äôam√©liorer, am√©liorer leur vie, les orienter vers des jours meilleurs.¬†¬†

L‚Äôobjectif √©tait de se rendre compte sur le terrain, des actions men√©es par l‚Äôassociation Riad el Amal et √©galement d‚Äô√©tudier les synergies entre Rotary Casablanca City et Riad el Amal.¬†

Nous pouvons dire que nous avons √©t√© tout d‚Äôabord √©mus par la situation de ces jeunes, mais en m√™me temps, nous avons pu mesurer le chemin parcouru gr√¢ce au d√©vouement, l‚Äôimplication et la pers√©v√©rance des volontaires de Riad al Amal.¬†

Aujourd‚Äôhui gr√¢ce √† Riad Al Amal, ces jeunes enfants de la rue, ont un toit, ils peuvent se laver, manger, et participer √† des actions qui leur permettent de d√©buter leur r√©-insertion dans la soci√©t√©.¬†

Lors de notre visite, nous avons pu assister au sacrifice de 2 moutons en pr√©lude de Eid Al Adha .¬†
Le but √©tait de faire vivre √† ces jeunes l‚Äôambiance de la f√™te et de se sentir un peu des enfants comme les autres.¬†¬†

Nous avons √©t√© √©galement agr√©ablement surpris par la joie sur les visages de ces jeunes qui se sont mis √† chanter pour nous souhaiter la bienvenue !¬†¬†
Lors de cette c√©r√©monie, il y avait une grande figure du football marocain, en la personne de petit Omar qui a repr√©sent√© l'association des anciens vedettes du football marocain.¬†


Par ailleurs, #Le clou de cette rencontre,√©tait la venue de Majda Yahyaoui pr√©sentatrice √† 2M de l‚Äô√©mission Chada Al Alhan connue du public Marocain et grande interpr√®te du chant Malhoune. Majda Yahyaoui est venue soutenir l‚Äôassociation Riad el Amal et offrir un moment de joie et de bonheur en interpr√©tant plusieurs chansons,et en faisant participer les enfants.¬†¬†

C‚Äô√©tait une premi√®re prise de contact, mais dores et d√©j√†, nous avons convenu d‚Äôune premi√®re action commune entre¬†¬†
Riad al Amal, l‚Äôassociation des anciens footbaleurs pr√©sid√©e par monsieur Said benmansour¬†¬†
et √©galement, notre club* Rotary Club Casablanca City,¬†
Cette action aura lieu le samedi 10 Septembre 2022 et consistera, en la distribution de tenues de sports et de ballons , ainsi que l'organisation d'un match de foot pour ces jeunes qui pour certains d‚Äôentre eux pourront rencontrer leurs idoles footballeurs!
#Rotary #Rotarycasablancacity #Riadalamal #enfants #social #actionsociale",[],,True,urn:li:csUser:0,,,,2022-08-08 10:43:06.949000+00:00
36,6931958726480273408,2022-05-16 13:29:10.199000+00:00,urn:li:activity:6931958727319113728,,,,RICH,,"[
  {
    ""entity"": ""urn:li:digitalmediaAsset:C4D22AQEyx7E-LxHaxg"",
    ""entityLocation"": ""https://media-exp1.licdn.com/dms/image/C4D22AQEyx7E-LxHaxg/feedshare-shrink_1280/0/1652707748816?e=1662595200&v=beta&t=SwIwT6jomMzkkDVGEMe1SK0n2LPRayGfNvPV6hGoyCY"",
    ""thumbnails"": [
      {
        ""imageSpecificContent"": {
          ""height"": 582,
          ""width"": 1170
        },
        ""resolvedUrl"": ""https://media-exp1.licdn.com/dms/image/C4D22AQEyx7E-LxHaxg/feedshare-shrink_1280/0/1652707748816?e=1662595200&v=beta&t=SwIwT6jomMzkkDVGEMe1SK0n2LPRayGfNvPV6hGoyCY""
      }
    ]
  }
]",urn:li:person:E25JKOJoFJ,2022-05-16 13:29:10.140000+00:00,False,urn:li:organization:11841037,,"M-Files Online May '22 La mise √† jour commence √† √™tre d√©ploy√©e aupr√®s des clients aujourd'hui. Faits saillants ce mois-ci :

Co-cr√©ation dans le nouveau M-Files Web : il est maintenant possible de retirer un document pour co-cr√©ation ou de rejoindre la co-cr√©ation dans le client web.

Possibilit√© de t√©l√©charger les fichiers dans un document multi-fichiers sous forme de fichier ZIP dans le nouveau M-Files Web

Tableau d'affichage am√©lior√© pour M-Files Desktop : il est maintenant possible d'organiser les objets en groupes dans l'onglet √âpingl√©.

‚ö†Ô∏è Dans M-Files Desktop, une bo√Æte de dialogue de confirmation s'affiche d√©sormais lorsqu'une vue est d√©plac√©e

Les versions des applications de coffre-fort d√©pendantes sont v√©rifi√©es lorsqu'une nouvelle application de coffre-fort est install√©e

Acc√®s bas√© sur les r√¥les pour M-Files Manage : deux nouveaux r√¥les, access admin et billing admin, ont √©t√© ajout√©s √† M-Files Manage pour les utilisateurs qui ont besoin, par exemple, de g√©rer les licences utilisateur",,,True,urn:li:csUser:0,,,,2022-08-08 10:43:06.678000+00:00
37,6929506701595275265,2022-05-09 19:05:41.887000+00:00,urn:li:activity:6929506702383796224,,,,RICH,,"[
  {
    ""entity"": ""urn:li:digitalmediaAsset:C4D22AQHX7ijSeb-0SA"",
    ""entityLocation"": ""https://media-exp1.licdn.com/dms/image/C4D22AQHX7ijSeb-0SA/feedshare-shrink_1280/0/1652123140353?e=1662595200&v=beta&t=3iMwLfB59QuixHQ1sthgmxudv68KJVhxo3j52K1qG3Q"",
    ""thumbnails"": [
      {
        ""imageSpecificContent"": {
          ""height"": 685,
          ""width"": 1200
        },
        ""resolvedUrl"": ""https://media-exp1.licdn.com/dms/image/C4D22AQHX7ijSeb-0SA/feedshare-shrink_1280/0/1652123140353?e=1662595200&v=beta&t=3iMwLfB59QuixHQ1sthgmxudv68KJVhxo3j52K1qG3Q""
      }
    ]
  }
]",urn:li:person:E25JKOJoFJ,2022-05-09 19:05:41.839000+00:00,False,urn:li:organization:11841037,,"Atelier¬†Kertys¬†: ""Lancement de notre plateforme¬†Portailachats.ma""

Votre badge pour assister aux conf√©rences et ateliers ‚ûî¬†https://lnkd.in/dSVbNniB¬†

Intervenant :

Ali LAHRICHI : Fondateur et CEO de la soci√©t√© Kertys, Ali Lahrichi est √† la fois passionn√© et expert des nouvelles technologies et du monde du software.
En 2009 et apr√®s plus de 18 ann√©es pass√©es en France au sein de soci√©t√©s de services et d'√©diteurs de logiciel Ibm cognos, o√π il a travaill√© dans la commercialisation et la mise en ≈ìuvre de projets de transformation digitale et de performance management au sein de grands groupes ; Ali Lahrichi a fond√© Kertys en France et au Maroc comme soci√©t√© sp√©cialis√©e dans la transformation digitale et partenaire de tr√®s grands noms dans le monde du logiciel : Talentsoft, Anaplan, M-Files, ..
Aujourd'hui Kertys accompagne les entreprises Marocaines et Africaines dans leur voyage vers le progr√®s et la transformation digitale en leur apportant de l'expertise fonctionnelle et technique.

Votre badge pour assister aux conf√©rences et ateliers ‚ûî¬†https://lnkd.in/dSVbNniB¬†

Plus d'informations sur :¬†www.emecexpo.ma

#salon¬†#√©v√©nementiel¬†#event¬†#business¬†#trends¬†#innovation¬†#maroc¬†#morocco¬†#casablanca¬†#emecexpo¬†#emecexpo2022¬†#transformation¬†#transformationdigitale¬†#digitaltransformation¬†#emarketing¬†#ecommerce¬†#cloud¬†#socialmedia¬†#r√©seauxsociaux¬†#affichagenum√©rique¬†#mobile¬†#expo¬†#exposition",[],,True,urn:li:csUser:0,,,,2022-08-08 10:43:06.678000+00:00
38,6950049023332376579,2022-07-05 11:33:33.076000+00:00,urn:li:activity:6950049024229961728,,,,RICH,,"[
  {
    ""entity"": ""urn:li:digitalmediaAsset:C4E22AQEtaw4trOoWZQ"",
    ""entityLocation"": ""https://media-exp1.licdn.com/dms/image/C4E22AQEtaw4trOoWZQ/feedshare-shrink_800/0/1657020811961?e=1662595200&v=beta&t=yAJoqmXabgxYwwH2Vv8giUAxmxz6_CHiLl5z4KGUmAA"",
    ""thumbnails"": [
      {
        ""imageSpecificContent"": {
          ""height"": 450,
          ""width"": 800
        },
        ""resolvedUrl"": ""https://media-exp1.licdn.com/dms/image/C4E22AQEtaw4trOoWZQ/feedshare-shrink_800/0/1657020811961?e=1662595200&v=beta&t=yAJoqmXabgxYwwH2Vv8giUAxmxz6_CHiLl5z4KGUmAA""
      }
    ]
  }
]",urn:li:person:E25JKOJoFJ,2022-07-05 11:33:33.019000+00:00,False,urn:li:organization:11841037,,"REPLAY üìÜ Webinaire Le pilotage de la performance financi√®re avec LucaNet et Kertys 28 juin 2022

Dans un contexte de #digitalisation accrue des m√©tiers verticaux en Finance, audit, comptabilit√© et consolidation, adopter une strat√©gie de transformation digitale m√©tier est primordial pour r√©pondre aux enjeux des clients, de la performance soci√©t√© et aux obligations l√©gales.

Nous esp√©rons que vous avez appr√©ci√© la solution LucaNet France All in one de pilotage de la performance financi√®re¬†Lucanet¬†pour¬†le reporting,¬†l‚Äôanalyse,¬†la planification¬†et¬†la consolidation financi√®re.¬†

Au cas o√π vous souhaiteriez revoir le w√©binaire ou, au cas o√π vous vous √©tiez inscrits et que vous n‚Äôaviez pas eu le temps d‚Äôy participer, vous pouvez acc√©der √† https://lnkd.in/dzra6uSg

Pour une d√©mo personnalis√©e : https://lnkd.in/dfSPs8j2

#digitalnow #morocconow #DAF #finance #performancefinanci√®re #Directeurfinancier #consolideur #marocdigital #afriquedigital","[
  {
    ""entity"": ""urn:li:organization:9368135"",
    ""length"": 14,
    ""start"": 426
  }
]",,True,urn:li:csUser:0,,,,2022-08-08 10:43:06.678000+00:00
39,6924360649200283648,2022-04-25 14:22:44.242000+00:00,urn:li:activity:6924360650022350848,,,,RICH,,"[
  {
    ""entity"": ""urn:li:digitalmediaAsset:C4D22AQEXCAYQqnVvQA"",
    ""entityLocation"": ""https://media-exp1.licdn.com/dms/image/C4D22AQEXCAYQqnVvQA/feedshare-shrink_800/0/1650896226781?e=1662595200&v=beta&t=OssUH2rdJiap23G1mhoiMhC8FpaS2rDqAUPIJPSV_xM"",
    ""thumbnails"": [
      {
        ""imageSpecificContent"": {
          ""height"": 800,
          ""width"": 800
        },
        ""resolvedUrl"": ""https://media-exp1.licdn.com/dms/image/C4D22AQEXCAYQqnVvQA/feedshare-shrink_800/0/1650896226781?e=1662595200&v=beta&t=OssUH2rdJiap23G1mhoiMhC8FpaS2rDqAUPIJPSV_xM""
      }
    ]
  }
]",urn:li:person:E25JKOJoFJ,2022-04-25 14:17:07.349000+00:00,True,urn:li:organization:11841037,,"Depuis plus de douze ans, Kertys accompagne des PME et grands Groupes au Maroc et en Afrique pour am√©liorer leur performance et productivit√© au travers de l'impl√©mentation de solutions digitales innovantes.

Venez rencontrer l‚Äô√©quipe¬†Kertys MAROC¬†sur leur stand 5 & 6 les 18 et 19 Mai √† l‚ÄôH√¥tel Grand Mogador Casablanca.

T√©l√©chargez votre badge sur :
https://lnkd.in/dSVbNniB¬†

Plus d'informations sur :¬†www.emecexpo.ma

#MFILES #LUCANET #TALENTSOFT #EFLOW #IGNIMISSION #PIQL #STREAMSETS #HUBSHARE #automationanywhere #salon¬†#√©v√©nementiel¬†#event¬†#business¬†#trends¬†#innovation¬†#maroc¬†#morocco¬†#casablanca¬†#emecexpo¬†#emecexpo2022¬†#transformation¬†#transformationdigitale¬†#digitaltransformation¬†#emarketing¬†#ecommerce¬†#cloud¬†#socialmedia¬†#r√©seauxsociaux¬†#affichagenum√©rique¬†#mobile¬†#expo¬†#exposition","[
  {
    ""entity"": ""urn:li:organization:11841037"",
    ""length"": 6,
    ""start"": 234
  }
]",,True,urn:li:csUser:0,,,,2022-08-08 10:43:06.679000+00:00
40,6911606554215493633,2022-03-21 09:36:54.140000+00:00,urn:li:activity:6911606554790105088,,Tuesday March 22nd at 10am GMT,Reserve Your Seat for Our Webinar,ARTICLE,,"[
  {
    ""description"": ""Tuesday March 22nd at 10am GMT"",
    ""entity"": ""urn:li:article:7894449381127658968"",
    ""entityLocation"": ""https://streamsets.shp.so/a/els84o"",
    ""thumbnails"": [
      {
        ""imageSpecificContent"": {},
        ""resolvedUrl"": ""https://res.cloudinary.com/blastit/image/upload/c_fill,h_627,w_1200/q_auto:eco/v1/socialhp/content/images/2022/03/02/359_621ff1f6eb16e5_42384589_a53566?_a=AAClqGX""
      }
    ],
    ""title"": ""Reserve Your Seat for Our Webinar""
  }
]",urn:li:person:E25JKOJoFJ,2022-03-21 09:36:54.085000+00:00,False,urn:li:organization:11841037,,"Join webinar StreamSets to find out how the right¬†#DataIntegration¬†platform can help make your life easier. Reserve your seat now:
Learn more about streamSets : https://lnkd.in/d29qHVaR",[],,True,urn:li:csUser:0,,,,2022-08-08 10:43:06.679000+00:00
41,6959093467020959744,2022-07-30 11:06:03.982000+00:00,urn:li:activity:6959093467780157440,,,,RICH,,"[
  {
    ""entity"": ""urn:li:digitalmediaAsset:C4E22AQHFH-Jbz6uk-Q"",
    ""entityLocation"": ""https://media-exp1.licdn.com/dms/image/C4E22AQHFH-Jbz6uk-Q/feedshare-shrink_800/0/1659177166369?e=1662595200&v=beta&t=X-CAjpB_708Pe0inFQLCKhhPww_XiKoO5AHI_5mdJ4I"",
    ""thumbnails"": [
      {
        ""imageSpecificContent"": {
          ""height"": 800,
          ""width"": 800
        },
        ""resolvedUrl"": ""https://media-exp1.licdn.com/dms/image/C4E22AQHFH-Jbz6uk-Q/feedshare-shrink_800/0/1659177166369?e=1662595200&v=beta&t=X-CAjpB_708Pe0inFQLCKhhPww_XiKoO5AHI_5mdJ4I""
      }
    ]
  }
]",urn:li:person:E25JKOJoFJ,2022-07-30 10:32:56.398000+00:00,False,urn:li:organization:11841037,,"

ŸÜÿ™ŸÖŸÜŸâ ŸÑŸÉŸÖ ŸàŸÑÿ£ÿ≠ÿ®ÿ™ŸÉŸÖ ÿ≥ŸÜÿ© Ÿáÿ¨ÿ±Ÿäÿ© ÿ≥ÿπŸäÿØÿ©
We wish you and your loved ones a Happy Islamic New Year 

#IslamicNewYear2022 #HijriNewYear #Hijri1444 ",[],,True,urn:li:csUser:0,urn:li:developerApplication:58843716,,,2022-08-08 10:43:06.678000+00:00
42,6930083138308046848,2022-05-11 09:16:14.987000+00:00,urn:li:activity:6930083138790391808,,,,,,,urn:li:person:E25JKOJoFJ,2022-05-11 09:16:14.987000+00:00,False,urn:li:organization:11841037,,,,,True,urn:li:person:E25JKOJoFJ,,6.930081213118329e+18,6.930081213118329e+18,2022-08-08 10:43:06.678000+00:00
43,6958464452111261696,2022-07-28 16:53:27.592000+00:00,urn:li:activity:6958464452832677888,,Comment M-Files et SharePoint peuvent-ils rendre votre entreprise plus efficace ?,R√©duisez l'√©cart de votre gestion de donn√©es et documents avec M-Files et Sharepoint,ARTICLE,,"[
  {
    ""description"": ""Comment M-Files et SharePoint peuvent-ils rendre votre entreprise plus efficace ?"",
    ""entity"": ""urn:li:article:7981150409014317919"",
    ""entityLocation"": ""https://www.kertys.com/ressources/reduisez-lecart-de-votre-gestion-de-donnees-et-documents-avec-m-files-et-sharepoint"",
    ""thumbnails"": [
      {
        ""imageSpecificContent"": {},
        ""resolvedUrl"": ""https://global-uploads.webflow.com/5fd767db7a0295257e053795/62e2a471041a9e97329a56fa_Frame%201.png""
      }
    ],
    ""title"": ""R√©duisez l'√©cart de votre gestion de donn√©es et documents avec M-Files et Sharepoint""
  }
]",urn:li:person:E25JKOJoFJ,2022-07-28 16:53:27.538000+00:00,False,urn:li:organization:11841037,,"Combler les √©carts dans la gestion de vos donn√©es et des documents avec GED M-Files et #Sharepoint
D√©couvrez Comment M-Files et SharePoint peuvent-ils rendre votre entreprise plus efficace ?
#GED #d√©mat√©rialisation #processus #digitalnow #digitalafrica
https://lnkd.in/eXemYxVR",[],,True,urn:li:csUser:0,,,,2022-08-08 10:43:06.678000+00:00
44,6897118400414396416,2022-02-09 10:06:09.086000+00:00,urn:li:activity:6897118400947064833,,"La Digital Workplace, un concept innovant, qui d√©mat√©rialise votre quotidien au travail de fa√ßon collaborative et g√®re vos processus m√©tiers depuis le cloud.",Digital Workplace ‚Äì Transformation digitale | Kertys,ARTICLE,,"[
  {
    ""description"": ""La Digital Workplace, un concept innovant, qui d√©mat√©rialise votre quotidien au travail de fa√ßon collaborative et g√®re vos processus m√©tiers depuis le cloud."",
    ""entity"": ""urn:li:article:8335858989777568262"",
    ""entityLocation"": ""https://www.kertys.com/services/digital-workplace"",
    ""thumbnails"": [
      {
        ""imageSpecificContent"": {},
        ""resolvedUrl"": ""https://global-uploads.webflow.com/5fd767db53c1a1cc98cf8e76/5ff315db44f6ccfb0f331b76_Thumbnail-digital-workplace.png""
      }
    ],
    ""title"": ""Digital Workplace ‚Äì Transformation digitale | Kertys""
  }
]",urn:li:person:E25JKOJoFJ,2022-02-09 10:06:09.035000+00:00,False,urn:li:organizationBrand:69569872,,"Le lieu de travail du futur est l√† ! ‚Å£

#KertysDigitalWorkplace¬†favorise la collaboration num√©rique tout en d√©mat√©rialisant notre travail quotidien. D√©couvrez un espace de travail exclusif sous un m√™me toit, Dans ce contexte de t√©l√©travail et de transformation digitale, un nouveau concept √©merge, celui de la ""Digital Workplace"".

‚Å£Un meilleur lieu de travail ne consiste pas seulement √† r√©duire vos d√©placements quotidiens ou la distance qui vous s√©pare de vos co√©quipiers. cr√©e un environnement de travail collaboratif et g√®re vos processus m√©tiers depuis le cloud.

D√©couvrez nos smart Apps ici : üëáhttps://lnkd.in/gSdQj3tU

#smartapp¬†#smartautomation¬†#transformationnum√©rique¬†#digitalafrica¬†#afriquedigitale¬†#afriquedelouest",[],,True,urn:li:csUser:0,,,,2022-08-08 10:43:07.382000+00:00
45,6961244122347180033,2022-08-05 08:58:52.534000+00:00,urn:li:activity:6961244122917588992,,,,,,,urn:li:person:E25JKOJoFJ,2022-08-05 08:58:52.534000+00:00,False,urn:li:organizationBrand:69569872,,,,,True,urn:li:person:E25JKOJoFJ,,6.961243659707052e+18,6.961243659707052e+18,2022-08-08 10:43:07.382000+00:00
46,6898909521188900864,2022-02-14 08:43:25.554000+00:00,urn:li:activity:6898909521717403648,,Le Svalbard Global Seed Vault a choisi la technologie unique de stockage de donn√©es de Piql pour archiver les informations sur les graines d√©pos√©es dans la chambre forte.,Piql signe un nouvel accord pour stocker les donn√©es de plus d'un million de semences dans la chambre forte mondiale de Svalbard.,ARTICLE,,"[
  {
    ""description"": ""Le Svalbard Global Seed Vault a choisi la technologie unique de stockage de donn√©es de Piql pour archiver les informations sur les graines d√©pos√©es dans la chambre forte."",
    ""entity"": ""urn:li:article:8551156941784305831"",
    ""entityLocation"": ""https://www.kertys.com/ressources/piql-signe-un-nouvel-accord-pour-stocker-les-donnees-de-plus-dun-million-de-semences-dans-la-chambre-forte-mondiale-de-svalbard"",
    ""thumbnails"": [
      {
        ""imageSpecificContent"": {},
        ""resolvedUrl"": ""https://global-uploads.webflow.com/5fd767db7a0295257e053795/6204df6c06a00342418e9cb9_seedvault.jpg""
      }
    ],
    ""title"": ""Piql signe un nouvel accord pour stocker les donn√©es de plus d'un million de semences dans la chambre forte mondiale de Svalbard.""
  }
]",urn:li:person:E25JKOJoFJ,2022-02-14 08:43:25.503000+00:00,False,urn:li:organization:11841037,,"Notre partenaire Piql AS signe un nouvel accord pour stocker les donn√©es de plus d'un million de semences dans la chambre forte mondiale de Svalbard.

Avec la solution Piql, l'archivage √†¬†long terme¬†de l'information num√©rique vise essentiellement √† pr√©server l'essence du patrimoine d'entreprise et prot√©ger l'h√©ritage intellectuelle de l'information de la nation.

#Piqlafrique #patrimoineculturel #patrimoineentreprise #morocconow #moroccotech #digitalnow 
https://lnkd.in/dFCuTfTZ","[
  {
    ""entity"": ""urn:li:organization:1066609"",
    ""length"": 7,
    ""start"": 17
  }
]",,True,urn:li:csUser:0,,,,2022-08-08 10:43:06.680000+00:00
47,6929480247339794432,2022-05-09 17:20:34.761000+00:00,urn:li:activity:6929480248380006400,,,,RICH,,"[
  {
    ""entity"": ""urn:li:digitalmediaAsset:C4D22AQHd87qzrnfALA"",
    ""entityLocation"": ""https://media-exp1.licdn.com/dms/image/C4D22AQHd87qzrnfALA/feedshare-shrink_1280/0/1652116833377?e=1662595200&v=beta&t=dPHXVWjpPa8v7j4tFKC5Ms5759zGGk5H5wtA0i_QEhs"",
    ""thumbnails"": [
      {
        ""imageSpecificContent"": {
          ""height"": 685,
          ""width"": 1200
        },
        ""resolvedUrl"": ""https://media-exp1.licdn.com/dms/image/C4D22AQHd87qzrnfALA/feedshare-shrink_1280/0/1652116833377?e=1662595200&v=beta&t=dPHXVWjpPa8v7j4tFKC5Ms5759zGGk5H5wtA0i_QEhs""
      }
    ]
  }
]",urn:li:person:E25JKOJoFJ,2022-05-09 17:20:34.705000+00:00,False,urn:li:organization:11841037,,"Conf√©rence¬†Kertys¬†: ""Le software au service de la transformation digitale des entreprises""

Votre badge pour assister aux conf√©rences ‚ûî¬†https://lnkd.in/dSVbNniB¬†

Intervenant :
Ali LAHRICHI : Fondateur et CEO de la soci√©t√© Kertys, Ali Lahrichi est √† la fois passionn√© et expert des nouvelles technologies et du monde du software.
En 2009 et apr√®s plus de 18 ann√©es pass√©es en France au sein de soci√©t√©s de services et d'√©diteurs de logiciel Ibm cognos, o√π il a travaill√© dans la commercialisation et la mise en ≈ìuvre de projets de transformation digitale et de performance management au sein de grands groupes ; Ali Lahrichi a fond√© Kertys en France et au Maroc comme soci√©t√© sp√©cialis√©e dans la transformation digitale et partenaire de tr√®s grands noms dans le monde du logiciel : Talentsoft, Anaplan, M-Files, ..
Aujourd'hui Kertys accompagne les entreprises Marocaines et Africaines dans leur voyage vers le progr√®s et la transformation digitale en leur apportant de l'expertise fonctionnelle et technique.

Votre badge pour assister aux conf√©rences ‚ûî¬†https://lnkd.in/dSVbNniB¬†

Plus d'informations sur :¬†www.emecexpo.ma

#salon¬†#√©v√©nementiel¬†#event¬†#business¬†#trends¬†#innovation¬†#maroc¬†#morocco¬†#casablanca¬†#emecexpo¬†#emecexpo2022¬†#transformation¬†#transformationdigitale¬†#digitaltransformation¬†#emarketing¬†#ecommerce¬†#cloud¬†#socialmedia¬†#r√©seauxsociaux¬†#affichagenum√©rique¬†#mobile¬†#expo¬†#exposition",[],,True,urn:li:csUser:0,,,,2022-08-08 10:43:06.678000+00:00
